DYRK1A_N;ITSN1_N;BDNF_N;NR1_N;NR2A_N;pAKT_N;pBRAF_N;pCAMKII_N;pCREB_N;pELK_N;pERK_N;pJNK_N;PKCA_N;pMEK_N;sex;class
0.7188559;0.9355932;0.2822034;2.0709746;3.1635593;0.2163136;0.1603814;2.2377119;0.2074153;2.0025424;1.1353814;0.2762712;0.267161;0.2667373;F;Trisomic-Aprendizaje
0.2949661;0.498586;0.3170249;2.2087104;3.0602376;0.2944005;0.2409502;3.9471154;0.231052;1.4242081;0.3704751;0.3741516;0.322681;0.3320136;M;Control-No_aprendizaje
0.3208308;0.4643521;0.3245505;2.349349;3.2203968;0.2991321;0.232796;4.5433974;0.2380657;1.4482331;0.416305;0.3620583;0.3118413;0.3261004;M;Control-No_aprendizaje
0.537876;0.8058156;0.3338325;2.3418195;3.7945838;0.2117809;0.1608636;2.5904156;0.2079121;1.4628728;0.6005241;0.2995133;0.3194808;0.2554599;F;Trisomic-Aprendizaje
0.8612655;1.0395033;0.3780012;2.5583678;4.5712596;0.2261384;0.1829687;2.5090479;0.2238912;1.9662921;1.0055588;0.3062093;0.3556475;0.2803075;M;Trisomic-Aprendizaje
0.3016949;0.5238499;0.3251816;2.7100484;4.296368;0.1924939;0.1587167;3.638862;0.2691283;1.3081114;0.3526634;0.2855932;0.2698547;0.2440678;F;Control-No_aprendizaje
0.600939;0.8373239;0.3596244;2.1943662;3.1241784;0.2453052;0.1974178;5.0312207;0.2197183;1.5983568;0.7692488;0.321831;0.3950704;0.2805164;M;Trisomic-Aprendizaje
0.3614875;0.5740795;0.3106038;2.3934462;3.9405744;0.1854934;0.1494845;2.5763623;0.2126657;1.0962445;0.5949926;0.2953608;0.3343888;0.2335788;F;Control-Aprendizaje
0.4850998;0.5563748;0.2872504;1.8921659;2.8470046;0.2230415;0.177573;1.4623656;0.1698925;1.5379416;0.6958525;0.2807988;0.3013825;0.2924731;M;Control-Aprendizaje
0.2351366;0.3901089;0.2067488;1.4668809;1.8366363;0.1656847;0.1464024;1.6573826;0.1542582;0.7550437;0.2549545;0.2108552;0.2026424;0.194251;F;Trisomic-No_aprendizaje
0.3904266;0.5841831;0.2849116;1.9531738;3.4241415;0.2197711;0.1681582;4.2201873;0.1914672;1.3363163;0.4501561;0.2990635;0.2817898;0.2909469;M;Trisomic-No_aprendizaje
0.3055043;0.4885436;0.289044;2.4956545;4.329734;0.226758;0.1649987;5.354227;0.2116144;1.2889123;0.3979457;0.3139321;0.278246;0.2555965;M;Control-No_aprendizaje
0.2726003;0.5359511;0.3024433;2.3783595;3.6837696;0.2591623;0.208377;4.0006981;0.2420593;1.2813264;0.3129145;0.3293194;0.3190227;0.2893543;M;Trisomic-No_aprendizaje
0.3956347;0.6384827;0.3536766;2.5092181;3.9801865;0.2622378;0.1839373;5.9191566;0.2847001;1.3648019;0.4482941;0.3735961;0.4011443;0.308328;F;Trisomic-No_aprendizaje
0.4564939;0.7691885;0.309031;2.3165415;3.5574281;0.2454662;0.17549;1.9278256;0.2165232;1.4103316;0.5887525;0.3374244;0.3324785;0.266166;F;Trisomic-Aprendizaje
0.3408847;0.6281149;0.3286038;2.704662;5.2966496;0.2449028;0.1906522;3.9979731;0.2646954;1.4397282;0.3643734;0.3718851;0.3514964;0.3233576;M;Trisomic-No_aprendizaje
0.2037361;0.3496832;0.232139;2.0327726;3.8811449;0.2043915;0.1480227;4.9402447;0.1649552;0.919598;0.29539;0.3079528;0.255626;0.2331221;M;Control-No_aprendizaje
0.2991406;0.4926532;0.2750208;2.2201275;3.9233435;0.2101469;0.1713335;5.7999723;0.187552;1.1713335;0.3723316;0.3386471;0.2858331;0.2807042;M;Control-No_aprendizaje
0.3017647;0.5365686;0.2986275;2.3316667;3.8272549;0.1940196;0.154902;2.6233333;0.197549;1.0017647;0.54;0.2953922;0.3281373;0.2306863;F;Control-Aprendizaje
0.3755738;0.6188525;0.3177049;2.33;4.2922951;0.2444262;0.1780328;4.9901639;0.2145902;1.3129508;0.3981967;0.3495082;0.3237705;0.2854098;M;Trisomic-No_aprendizaje
0.4386511;0.710455;0.2918472;2.1580444;3.1845883;0.2579902;0.1764626;4.2639491;0.2292795;1.2764085;0.6160618;0.3850217;0.4056067;0.2693662;F;Trisomic-Aprendizaje
0.5073213;0.7700258;0.4179587;2.9258183;6.7661499;0.2010121;0.1777562;1.8320413;0.2105943;1.869186;0.8326873;0.338609;0.336025;0.2531223;M;Control-Aprendizaje
0.3752286;0.5989025;0.3386465;2.2884766;3.7062974;0.2819441;0.2140057;4.6093546;0.2424876;1.3407369;0.412856;0.3595506;0.3626862;0.3318526;M;Trisomic-No_aprendizaje
0.226645;0.4902518;0.2705118;2.1131194;3.0978879;0.2644192;0.1976036;3.4876117;0.233753;1.114541;0.275792;0.3290008;0.2770106;0.3117384;M;Trisomic-No_aprendizaje
0.4081765;0.5436405;0.2662232;2.0296885;3.3874108;0.2152823;0.1623945;3.0749513;0.1479559;1.1656392;0.6026931;0.2889358;0.2889358;0.2475665;M;Control-Aprendizaje
0.4512432;0.5987027;0.3232432;2.3176216;4.2467027;0.2227027;0.1684324;2.1195676;0.1747027;1.5574054;0.6668108;0.2925405;0.2871351;0.2469189;F;Control-Aprendizaje
0.2812304;0.400973;0.2843691;2.2106089;4.0764281;0.2062147;0.1610169;4.9042687;0.1887947;1.3476146;0.351538;0.3124608;0.289548;0.242624;M;Control-No_aprendizaje
0.39801;0.5402156;0.305141;2.425995;4.0068408;0.2549751;0.1878109;2.3364428;0.2137231;1.3078358;0.5541045;0.333126;0.3248342;0.2603648;M;Control-Aprendizaje
0.5387791;0.6272486;0.2356237;1.5726924;2.2527278;0.1890298;0.1592451;1.5706281;0.162194;1.3777647;0.8183427;0.243586;0.2264819;0.2111472;M;Trisomic-Aprendizaje
0.6104154;0.8520159;0.3851558;2.9518937;6.4651802;0.2121258;0.181124;2.7952046;0.2092242;1.9735797;0.9500611;0.3466707;0.3350641;0.26573;F;Control-Aprendizaje
0.3879955;0.6345327;0.4007324;2.7650056;4.9563764;0.1209998;0.1178156;2.8662633;0.1992517;1.1623945;0.7447859;0.1741761;0.3747811;0.1553097;F;Control-Aprendizaje
0.8143907;1.1241413;0.3885742;2.6321562;4.9720381;0.23394;0.1339038;2.5377847;0.2188743;2.0535133;1.0867784;0.3057732;0.3689285;0.2937206;M;Trisomic-Aprendizaje
0.3581046;0.4632315;0.2933713;1.4658208;2.0398757;0.2102538;0.1732263;1.9298291;0.1830658;1.0908856;0.5173485;0.2897462;0.2418436;0.2421025;M;Trisomic-Aprendizaje
0.5618666;0.6418919;0.3084882;2.157728;4.0206926;0.2164274;0.1737753;1.9408784;0.1680743;1.7280405;0.8222128;0.3173564;0.3277027;0.2369088;M;Control-Aprendizaje
0.2295362;0.3843793;0.3359482;1.8939291;2.6637108;0.2854707;0.2476126;4.3165075;0.2738745;1.4137108;0.3502729;0.3925648;0.3110505;0.3325375;M;Control-No_aprendizaje
0.3998642;0.637814;0.4052953;2.6525798;5.1816022;0.3046504;0.2080788;6.6663272;0.2539036;1.5276646;0.456721;0.3856076;0.4198914;0.3705024;F;Trisomic-No_aprendizaje
0.6037234;0.7232478;0.3311952;2.4336671;3.8973717;0.2728411;0.2076033;3.5265957;0.1958698;1.5907384;0.7160513;0.3211827;0.3726533;0.2970901;M;Control-Aprendizaje
0.5117705;0.6782737;0.3052967;2.2103973;3.0296714;0.293281;0.2398234;3.0004904;0.2143207;1.435998;0.7047572;0.3244237;0.3511525;0.3173124;M;Control-Aprendizaje
0.3815598;0.5477405;0.2922741;1.909621;2.7099125;0.3064869;0.1840379;2.3225219;0.2292274;1.5229592;0.513484;0.3516764;0.2740525;0.3637026;F;Trisomic-Aprendizaje
0.3293606;0.503216;0.3261445;2.4878925;3.9258418;0.2311767;0.195611;5.3373061;0.2105562;1.3558456;0.3357927;0.3231177;0.3567915;0.2869845;F;Trisomic-No_aprendizaje
0.2584241;0.4378009;0.2799595;1.9668102;2.8284773;0.2819863;0.2049658;3.4362807;0.2090195;1.1968584;0.3136559;0.3650874;0.2822397;0.3283506;M;Control-No_aprendizaje
0.5545365;0.7466426;0.2782509;2.1745824;3.6017032;0.200131;0.1444481;1.8850311;0.1717982;1.5189977;0.7674419;0.2446774;0.2625287;0.1957091;F;Trisomic-Aprendizaje
0.3781927;0.5992702;0.3009229;2.434428;4.0294055;0.2816055;0.1944623;5.1343636;0.2431852;1.3427774;0.4185448;0.3869929;0.2959863;0.3101524;M;Trisomic-No_aprendizaje
0.4868667;0.6818125;0.2505913;1.8359268;3.2390141;0.1817503;0.1475165;2.3715922;0.1909623;1.4232541;0.7517739;0.2612971;0.2246981;0.2385161;M;Trisomic-Aprendizaje
0.4320068;0.5388381;0.3585869;2.2081294;2.9525431;0.2855927;0.2068525;5.2340924;0.2672909;1.4017876;0.4692488;0.394552;0.4281762;0.3228346;F;Trisomic-No_aprendizaje
0.5127852;0.7306502;0.3891756;2.5140466;5.0705194;0.2718725;0.1886252;4.5482169;0.2383901;1.6898291;0.8008256;0.3705997;0.4045408;0.3123495;F;Control-Aprendizaje
0.2881766;0.4542735;0.2660969;2.0092593;3.1618234;0.1876068;0.1438746;3.0763533;0.1649573;0.9901709;0.367094;0.264245;0.3115385;0.2123932;M;Control-Aprendizaje
0.3551365;0.5880258;0.3149149;2.5445075;3.9810102;0.2247132;0.1780298;3.3265198;0.2418568;1.2363181;0.3332454;0.31386;0.287617;0.2808915;F;Trisomic-No_aprendizaje
0.3620899;0.5829891;0.2865128;1.8899149;3.1283111;0.2284326;0.1676792;3.7912515;0.1659781;1.4558931;0.4097205;0.2952612;0.2755772;0.2600243;M;Trisomic-No_aprendizaje
0.4017389;0.6595713;0.3218408;2.1839304;3.4117823;0.2365462;0.190826;3.3843502;0.2318993;1.2504872;0.4762404;0.3297856;0.3239394;0.3005546;F;Trisomic-No_aprendizaje
0.5745548;0.7148681;0.2789101;2.0268183;3.2812701;0.2008153;0.1660588;1.895516;0.2063935;1.4956018;0.6758206;0.2561682;0.3007938;0.2426518;M;Trisomic-Aprendizaje
0.2616448;0.4639738;0.4017467;2.5396652;4.0975255;0.3922853;0.3129549;3.7594614;0.294032;1.8009461;0.3067686;0.4690684;0.3777293;0.4217613;M;Trisomic-No_aprendizaje
0.8806985;1.0653873;0.3397299;2.3084577;4.3638948;0.1769723;0.1560565;1.8752158;0.2123058;2.1724033;1.4371002;0.2777947;0.2673368;0.2231699;F;Trisomic-Aprendizaje
0.3162162;0.4948403;0.302457;2.27543;3.3226044;0.2498772;0.2031941;2.6579853;0.2515971;1.4572482;0.4186732;0.3226044;0.2717445;0.3208845;F;Control-No_aprendizaje
0.257122;0.458729;0.3356465;2.477721;3.8071585;0.4346238;0.2308254;3.7326516;0.3024105;1.6329438;0.3097151;0.4934259;0.3564646;0.4382761;M;Trisomic-No_aprendizaje
0.2089411;0.4288691;0.2871756;2.4595567;3.8787649;0.2487213;0.1886721;2.5322978;0.2127297;1.3955295;0.3082023;0.3233567;0.2623603;0.2814927;F;Control-No_aprendizaje
0.5554896;0.7131553;0.3171118;2.1509397;3.6296736;0.2551929;0.1885262;6.1163205;0.2039565;1.4237389;0.6332344;0.3127596;0.4087043;0.2720079;M;Trisomic-Aprendizaje
0.6275817;0.954187;0.4469583;2.9307172;5.9150394;0.1978971;0.1855989;1.7651145;0.2322569;1.8081112;1.0228126;0.3486669;0.3482914;0.2459632;M;Control-Aprendizaje
0.6418719;0.8591133;0.3279803;2.6526108;4.2015764;0.1902463;0.1597044;2.5158621;0.2064039;1.5818719;0.7210837;0.2341872;0.3270936;0.2409852;M;Trisomic-Aprendizaje
0.5381252;0.7023435;0.3350822;2.2378454;3.8279119;0.2453655;0.2170339;4.7609304;0.2018188;1.5683806;0.779993;0.3522211;0.3382302;0.3009794;M;Control-Aprendizaje
0.3222912;0.5961666;0.2961445;2.4392865;3.8954133;0.2385331;0.1875692;4.269887;0.2414137;1.1217594;0.3378019;0.3374695;0.292156;0.2856193;M;Trisomic-No_aprendizaje
0.3181665;0.5282126;0.2910238;2.4215565;4.7872508;0.2052033;0.1656718;6.2532943;0.1984458;1.3030747;0.3997072;0.3504899;0.3045388;0.2931636;M;Control-No_aprendizaje
0.3020907;0.579022;0.394224;2.6518427;5.6034727;0.3121899;0.2478738;4.0359674;0.2714387;1.6401488;0.3318568;0.4023742;0.3545358;0.3687101;M;Trisomic-No_aprendizaje
0.3334385;0.5143533;0.3164038;2.3170347;3.4518927;0.2359621;0.2012618;2.9550473;0.2154574;1.118612;0.3116719;0.3036278;0.270347;0.3001577;F;Trisomic-No_aprendizaje
0.5988688;0.6902715;0.3497738;2.308371;4.2294118;0.2214932;0.1871041;2.0454751;0.1766968;1.9221719;0.8504525;0.3463801;0.369457;0.2791855;M;Control-Aprendizaje
0.625976;0.8068939;0.3279375;2.2178633;3.5216149;0.2365264;0.190059;2.1035993;0.2081508;1.6610169;0.7577604;0.2698534;0.3134641;0.2624262;M;Trisomic-Aprendizaje
0.3156945;0.6136748;0.3017037;2.4901275;4.046711;0.2426943;0.19226;4.3000113;0.239648;1.2298319;0.3489789;0.341645;0.298206;0.2890669;M;Trisomic-No_aprendizaje
0.2643275;0.4446784;0.2877193;2.12;3.2631579;0.2411696;0.1904094;2.4376608;0.1983626;1.2184795;0.2750877;0.3078363;0.328655;0.3003509;M;Trisomic-No_aprendizaje
0.272198;0.474163;0.2516376;2.1613901;2.801492;0.2512737;0.1824964;2.5127365;0.2163392;1.0811499;0.2703785;0.2851164;0.249818;0.2525473;F;Trisomic-No_aprendizaje
0.6495902;0.7289959;0.3168545;2.4862961;3.8666752;0.2009477;0.1862193;2.5293289;0.2128586;1.494749;0.6484375;0.2488473;0.338499;0.2459016;M;Trisomic-Aprendizaje
0.7134255;0.8053078;0.2658341;1.8603925;2.8220339;0.205843;0.1603479;1.8755575;0.1944692;1.7609277;1.0060214;0.2591436;0.2584746;0.2301517;F;Trisomic-Aprendizaje
0.4184011;0.5353485;0.2793195;1.9098117;2.6866535;0.1904526;0.1595639;1.7910472;0.1830195;1.1873142;0.453254;0.2162207;0.2666006;0.2208457;M;Trisomic-Aprendizaje
0.2319245;0.4102518;0.2654676;2.3868705;4.5524281;0.2165468;0.1589928;5.4973022;0.2020683;1;0.3283273;0.342536;0.2808453;0.267446;M;Control-No_aprendizaje
0.3129934;0.4809046;0.2914444;2.0032003;3.0394709;0.262428;0.2046085;3.9699168;0.2063153;1.118626;0.3554512;0.296565;0.3336889;0.269042;F;Trisomic-No_aprendizaje
0.554878;0.7485558;0.2719833;2.1442555;3.671534;0.1830873;0.1453787;1.8512516;0.1667202;1.5821566;0.7485558;0.2698973;0.2573813;0.2049101;F;Trisomic-Aprendizaje
0.4314786;0.5607934;0.3464709;2.0316847;3.5950541;0.321999;0.2277177;3.6877898;0.2120041;1.7367336;0.6398764;0.3776404;0.3863988;0.3310149;F;Control-Aprendizaje
0.3766946;0.5342156;0.2953518;1.9967721;2.9909619;0.2866365;0.1894771;2.5296966;0.2162686;1.5251775;0.5100065;0.3289219;0.3185926;0.3305358;F;Trisomic-Aprendizaje
0.5789806;0.7226201;0.3306655;2.3751053;4.2093513;0.2727464;0.2053496;6.3618366;0.2064027;1.6417439;0.6693345;0.3249789;0.4208088;0.3041281;M;Trisomic-Aprendizaje
0.715018;0.9259541;0.3389026;2.3734574;3.5568635;0.2508069;0.1947978;5.5449022;0.2230871;1.5990127;0.9360167;0.3278906;0.4207329;0.2711221;M;Trisomic-Aprendizaje
0.262957;0.4029731;0.2957011;2.1480514;2.9234632;0.1884291;0.164323;2.6271595;0.1858176;1.1291683;0.3101647;0.2615508;0.2430695;0.223182;F;Control-No_aprendizaje
0.3162439;0.6154884;0.3640043;2.5655693;3.6772801;0.3281166;0.2317863;4.5089045;0.2579601;1.4813815;0.3491635;0.374258;0.3297356;0.3526713;M;Trisomic-No_aprendizaje
0.5237603;0.7462121;0.3248967;2.2856405;4.3223141;0.2687672;0.1943871;2.6482438;0.1988636;1.6849174;0.8292011;0.3514118;0.3164601;0.2846074;F;Trisomic-Aprendizaje
0.6115088;0.9311282;0.3862256;2.7219755;4.7575895;0.2101495;0.175623;2.9532397;0.2399638;1.6650657;0.7505211;0.3248754;0.3378342;0.2734934;F;Trisomic-Aprendizaje
0.3016584;0.611385;0.3216047;2.4303003;4.0853877;0.3177947;0.2102196;4.4188705;0.2252353;1.3404303;0.3500672;0.3561183;0.3249664;0.3220529;M;Trisomic-No_aprendizaje
0.5955679;0.7907858;0.3191427;2.2439131;4.1541041;0.2132964;0.1788891;6.0434466;0.1946348;1.7286777;0.6229771;0.3022306;0.3660884;0.2646158;M;Trisomic-Aprendizaje
0.6185513;0.8697238;0.3508338;2.7055758;4.2257686;0.2569046;0.1917665;3.8552632;0.2080511;1.7701928;0.8237363;0.3430172;0.4172746;0.3082335;M;Control-Aprendizaje
0.3394552;0.5534461;0.278993;2.3887742;3.66591;0.269707;0.180974;4.8615353;0.2399917;1.5319851;0.4007429;0.3623607;0.2659926;0.3037557;M;Trisomic-No_aprendizaje
0.5242516;0.8938992;0.3732474;2.5573134;4.3318492;0.2097385;0.1657825;2.4172982;0.228022;1.5958696;0.6649299;0.3447329;0.3519326;0.2674308;F;Trisomic-Aprendizaje
0.2071429;0.3738095;0.2764286;2.082619;2.7335714;0.2954762;0.192619;3.0152381;0.2745238;1.0261905;0.1897619;0.3038095;0.2797619;0.3002381;F;Trisomic-No_aprendizaje
0.3778463;0.5556214;0.3151091;2.220944;4.8870968;0.1948529;0.1583254;3.391129;0.1795541;1.2478653;0.6431452;0.3187856;0.2830882;0.2518975;M;Control-Aprendizaje
0.4458384;0.719069;0.4190171;2.8592317;5.3210763;0.229538;0.1712234;3.5184288;0.2241737;1.502336;0.5047586;0.321682;0.3979062;0.2906212;F;Control-Aprendizaje
0.5148546;0.5647914;0.3160556;1.9570164;2.9788243;0.2506321;0.1750948;1.4873578;0.1621365;1.6785714;0.6861568;0.3002528;0.3280657;0.2680152;M;Control-Aprendizaje
0.4249894;0.6796997;0.2919677;2.2415356;4.3436747;0.2205695;0.1623459;5.0566653;0.1844454;1.3575577;0.4681966;0.3684658;0.2895594;0.2605185;M;Trisomic-No_aprendizaje
0.2919854;0.40572;0.2993016;2.1183904;2.9876954;0.2514134;0.1958763;2.9165281;0.2015298;1.3155969;0.3302295;0.3022946;0.310276;0.2993016;F;Control-No_aprendizaje
0.527894;0.6345886;0.335251;2.3561715;5.0591004;0.2501743;0.2031032;3.7611576;0.2346583;1.54341;0.8045676;0.3310669;0.3247908;0.3061367;F;Control-Aprendizaje
0.9576872;1.097645;0.3232816;2.4248516;3.8161019;0.1745166;0.1408195;2.5061267;0.2042887;2.1878231;1.2142447;0.2276469;0.2827877;0.2275512;M;Trisomic-Aprendizaje
0.4371886;0.569368;0.2905848;2.1977446;3.8738526;0.2331498;0.1681091;1.8295306;0.190139;1.6205088;0.650931;0.281668;0.2856019;0.2431157;F;Control-Aprendizaje
0.6461101;0.9362971;0.3481973;2.3784223;3.9727568;0.2235023;0.1648143;2.4434806;0.2111683;1.5936568;0.8198699;0.2812415;0.3280022;0.2672811;M;Trisomic-Aprendizaje
0.3799452;0.5045045;0.3029769;2.0628672;4.1284763;0.2420682;0.1799843;3.6980024;0.1809636;1.1991774;0.5119467;0.3354877;0.2927928;0.2534273;M;Control-Aprendizaje
0.3821947;0.6034567;0.3834991;2.4708952;4.5522583;0.2890918;0.2018588;6.3817055;0.2447416;1.401761;0.426708;0.3639328;0.4167618;0.3446926;F;Trisomic-No_aprendizaje
0.8246377;1.0049919;0.2687601;2.1014493;3.2703704;0.1874396;0.1500805;2.1871176;0.2;2.0217391;1.1404187;0.2570048;0.2531401;0.2190016;F;Trisomic-Aprendizaje
0.4812726;0.6841155;0.3607852;2.5388087;5.0081227;0.2872292;0.2245036;2.5769404;0.1992329;1.7991877;0.7565433;0.3689079;0.3650722;0.3102437;M;Control-Aprendizaje
0.2754884;0.4698417;0.3174105;2.4574362;4.0089833;0.2389847;0.1788108;3.1943533;0.2009126;1.3124198;0.3425068;0.2890347;0.2854698;0.2669328;F;Control-No_aprendizaje
0.7434087;1.0254237;0.3933145;2.8026365;4.7707156;0.2431262;0.1808851;4.0977401;0.2469868;1.8838041;1.0645951;0.3393597;0.4263653;0.3094162;M;Control-Aprendizaje
0.2798773;0.4103682;0.2795543;2.2382106;4.0600775;0.2036499;0.186208;5.0828488;0.1918605;1.3187985;0.3593346;0.315084;0.2948966;0.252261;M;Control-No_aprendizaje
0.3773878;0.6306113;0.3909981;2.6664279;5.1018386;0.2443887;0.1766953;3.27149;0.1948424;1.5315186;0.4369628;0.3209169;0.4015043;0.294532;F;Control-Aprendizaje
0.6197206;0.7392003;0.3285691;2.4931749;3.9805685;0.2590332;0.1827525;3.6009314;0.2082865;1.672555;0.7486751;0.3292115;0.3814036;0.3030352;M;Control-Aprendizaje
0.4170487;0.65415;0.311226;2.4910758;4.1727299;0.1976007;0.1576124;2.8782795;0.2052082;1.1546864;0.5258949;0.2677265;0.3537501;0.2428558;F;Control-Aprendizaje
0.3271309;0.517407;0.3172269;2.2169868;3.1677671;0.3223289;0.19988;4.3508403;0.2469988;1.652461;0.3856543;0.3778511;0.2986194;0.3505402;M;Trisomic-No_aprendizaje
0.4883721;0.5400857;0.2913097;1.9134027;2.873623;0.2154223;0.2105263;1.4149327;0.1624847;1.6894125;0.6857405;0.3014076;0.3096695;0.2432681;M;Control-Aprendizaje
0.2506103;0.4098183;0.3178736;1.9685381;2.7914293;0.2256577;0.2058584;2.0908598;0.1795498;1.3921888;0.2820721;0.3056686;0.2945484;0.2752916;M;Trisomic-No_aprendizaje
0.1643295;0.2905346;0.2123868;1.6704645;2.8196027;0.1701724;0.1339468;3.7389717;0.1352615;0.8791995;0.2515337;0.2690622;0.2366345;0.2115104;M;Control-No_aprendizaje
0.3471398;0.6036046;0.3118773;2.356879;4.7195791;0.2351953;0.1821337;3.7847308;0.2434792;1.2786298;0.3331468;0.3476995;0.3304601;0.2987798;M;Trisomic-No_aprendizaje
0.295302;0.4519988;0.2786694;1.7084914;2.3414065;0.2103881;0.1817917;2.8339656;0.168077;1.1225562;0.3297345;0.2696236;0.2594106;0.2334403;M;Control-No_aprendizaje
0.3449295;0.6261937;0.3835834;2.5345612;4.097317;0.3035471;0.2228286;4.5927694;0.239427;1.3601637;0.3394725;0.3601637;0.3337881;0.3353797;M;Trisomic-No_aprendizaje
0.361477;0.5678643;0.2730539;1.8451098;3.3101796;0.2145709;0.158483;4.0844311;0.1612774;1.2499002;0.4147705;0.2834331;0.2660679;0.2423154;M;Trisomic-No_aprendizaje
0.2689036;0.4737713;0.3034026;2.1086957;3.1840737;0.2733932;0.2046314;2.8556238;0.229206;1.418242;0.3308129;0.3310491;0.3128544;0.3060019;M;Trisomic-No_aprendizaje
0.956488;1.1084407;0.3840488;2.6625642;4.6063572;0.2037988;0.1716252;2.3119488;0.2536098;2.0976839;1.1200698;0.2734761;0.3411183;0.2696967;M;Trisomic-Aprendizaje
0.4291326;0.5631751;0.2584288;2.0281506;3.5425532;0.2140753;0.1767594;3.1651391;0.1674304;1.2176759;0.5792144;0.300491;0.3155483;0.2865794;M;Control-Aprendizaje
0.3453461;0.4844869;0.2747017;1.8768496;2.6818616;0.1973747;0.1837709;3.2933174;0.1727924;1.1778043;0.3684964;0.2825776;0.2632458;0.2420048;M;Control-No_aprendizaje
0.2875893;0.4816975;0.3234651;2.4751349;4.3497156;0.231734;0.1803996;3.3034855;0.221963;1.2412134;0.3510281;0.2983812;0.289631;0.2751932;F;Control-No_aprendizaje
0.2548604;0.4635914;0.2548604;2.092082;2.6000353;0.2117356;0.1712619;2.4837398;0.2073171;1.057971;0.2656416;0.2940969;0.2499116;0.261223;F;Trisomic-No_aprendizaje
0.3925899;0.521628;0.2898339;1.7922979;2.3597372;0.218288;0.1690089;3.2929367;0.1993064;1.1708341;0.5289286;0.3071728;0.3374703;0.2659244;F;Trisomic-Aprendizaje
0.2450726;0.3558091;0.2645228;2.0018154;2.5199689;0.2261411;0.1849066;2.2072095;0.1779046;1.5892116;0.2881224;0.2424793;0.2603734;0.2341805;F;Control-No_aprendizaje
0.4069195;0.5202349;0.2491668;1.7995556;2.3586732;0.176956;0.1521981;1.7246469;0.1791779;1.1556896;0.4805586;0.2029837;0.2540867;0.2236153;M;Trisomic-Aprendizaje
0.7020039;0.8453782;0.2698125;1.9622495;2.8395604;0.1750485;0.1300582;1.9968972;0.1590175;1.5957337;0.7626374;0.1868132;0.2483516;0.1997414;M;Trisomic-Aprendizaje
0.292091;0.419935;0.2994583;2.2916576;3.671506;0.2706392;0.1969664;6.0487541;0.2134345;1.2305525;0.3995666;0.3915493;0.3009751;0.3089924;M;Control-No_aprendizaje
0.2837209;0.5590971;0.2839945;2.3212038;3.6850889;0.2426813;0.1781122;4.0374829;0.2352941;1.1086183;0.3213406;0.325171;0.2864569;0.278933;M;Trisomic-No_aprendizaje
0.2095214;0.461939;0.2940739;2.1009174;2.6077362;0.2873791;0.206298;3.3647409;0.244483;1.1919167;0.2303496;0.3431689;0.2757253;0.3032482;M;Trisomic-No_aprendizaje
0.3495072;0.5617892;0.2928987;2.2784938;3.5542077;0.2893606;0.2112712;4.6039929;0.233763;1.4521102;0.4202679;0.3762952;0.2754612;0.3424311;M;Trisomic-No_aprendizaje
0.3897274;0.6477605;0.3979228;2.7553554;4.8808828;0.1249594;0.12358;2.8995456;0.2105648;1.126988;0.7461863;0.1922266;0.3778806;0.193038;F;Control-Aprendizaje
0.3426993;0.5846461;0.3939572;3.164237;5.9197037;0.2660475;0.2042088;4.2793322;0.2649894;1.3704444;0.3737362;0.3756172;0.3323536;0.3288267;F;Control-No_aprendizaje
0.2299601;0.3936005;0.2537644;2.0515943;3.4580381;0.1986271;0.1557795;3.6905447;0.2063773;0.9567095;0.2496678;0.2631754;0.2537644;0.2266386;F;Control-No_aprendizaje
0.3665684;0.5512443;0.3307138;2.5442043;4.5034381;0.2342829;0.1920432;3.1629011;0.2066143;1.4531762;0.4435167;0.3403733;0.287983;0.3010806;F;Control-No_aprendizaje
0.3531434;0.5956314;0.2615589;2.0551059;3.0705178;0.1979155;0.15423;3.046014;0.1986917;0.9664043;0.3300809;0.2704291;0.2577891;0.229959;F;Trisomic-No_aprendizaje
0.4749263;0.6010892;0.2421148;1.7910143;2.7492625;0.2028591;0.1454504;1.3439982;0.1454504;1.5765827;0.5981393;0.2189698;0.2325845;0.1971863;F;Trisomic-Aprendizaje
0.2908596;0.465345;0.3064467;2.4434019;3.5520581;0.1938559;0.1575363;3.1961259;0.2123184;6.1133475;0.3270278;0.2795097;0.2555993;0.2315375;F;Control-No_aprendizaje
0.3894349;0.6583948;0.4104832;2.8167076;4.9834562;0.1291564;0.1391482;2.9185094;0.212285;1.1601966;0.7248976;0.1744472;0.3782146;0.1635545;F;Control-Aprendizaje
0.4881485;0.8672636;0.4385041;3.1747432;4.1583487;0.2057545;0.2028575;2.5229787;0.294838;1.4410719;0.8847775;0.3774691;0.4076903;0.3078746;F;Control-Aprendizaje
0.7547285;0.8755339;0.2664226;1.9684767;2.9719341;0.195241;0.1675819;2.1305674;0.2072402;1.8911938;1.0687411;0.2639821;0.2664226;0.2416107;F;Trisomic-Aprendizaje
0.3787;0.7386174;0.3188121;2.4268856;4.0702134;0.2190973;0.1658964;3.6229718;0.2464352;1.1173173;0.3866654;0.3133051;0.2984561;0.2761333;F;Trisomic-No_aprendizaje
0.2354877;0.4298472;0.2968273;2.4618096;3.6484136;0.2568743;0.1992949;2.5619271;0.2319624;1.9372503;0.2940071;0.3454759;0.2763807;0.3083431;F;Control-No_aprendizaje
0.2605389;0.4269883;0.2940026;2.3898305;3.3896132;0.2301173;0.2109952;2.6681877;0.2322903;1.1338548;0.317688;0.3122555;0.267927;0.2953064;F;Control-No_aprendizaje
0.293135;0.4535469;0.3080092;2.3922197;3.7389016;0.2363844;0.1915332;3.610984;0.1965675;1.3629291;0.371167;0.3128146;0.3203661;0.2851259;F;Control-No_aprendizaje
0.4689446;0.5682545;0.385962;2.2501262;3.3580205;0.2686416;0.2223531;5.4718061;0.2336307;1.3107221;0.4458845;0.3480895;0.4054873;0.312237;F;Trisomic-No_aprendizaje
0.2820832;0.3785198;0.3369051;1.8709195;2.6927486;0.2065786;0.1998505;3.8011463;0.1632195;1.0909544;0.2940444;0.2616496;0.3249439;0.2496885;F;Trisomic-No_aprendizaje
0.787914;1.1194073;0.3207438;2.3028278;4.1760604;0.1748015;0.1472981;1.8012783;0.2017238;2.0785396;1.3409839;0.2605075;0.254019;0.207147;F;Trisomic-Aprendizaje
0.4149394;0.5742406;0.3257724;2.3146917;4.1663408;0.1926737;0.1495242;2.7568765;0.1840699;1.3723113;0.4878112;0.2218746;0.3936905;0.2153565;F;Control-Aprendizaje
0.4119983;0.5361622;0.3624582;2.1155936;2.9038462;0.3005853;0.2391304;5.2207358;0.2610786;1.305393;0.4644649;0.3789716;0.4067726;0.3457358;F;Trisomic-No_aprendizaje
0.237231;0.3546798;0.2597874;1.9976666;2.5579466;0.1962665;0.1700804;2.1464869;0.1874514;1.3378273;0.2872699;0.2693803;0.2367125;0.2367125;F;Control-No_aprendizaje
0.3408529;0.5203956;0.3226205;2.2320766;3.1755253;0.3145859;0.2141533;4.4582818;0.2509271;1.5988875;0.3887515;0.3875155;0.2818294;0.3516687;M;Trisomic-No_aprendizaje
0.2679852;0.4014833;0.2996292;2.1461063;3.2788628;0.2561187;0.2019778;5.705068;0.2138443;1.2546354;0.3831891;0.389864;0.2946848;0.2954265;M;Control-No_aprendizaje
0.6188629;0.8353177;0.3519732;2.3755184;4.2589967;0.2406689;0.1820736;5.0729097;0.2049498;1.5967893;0.8905686;0.3261538;0.3368562;0.2842809;M;Control-Aprendizaje
0.6512533;0.9620205;0.4649639;2.9926889;5.9750285;0.2028105;0.1884732;1.8078238;0.2590201;1.9606912;1.0535511;0.3538739;0.3627041;0.2606343;M;Control-Aprendizaje
0.2490518;0.4447956;0.2882427;2.0783818;3.0935525;0.2492625;0.1944796;3.8211125;0.1984829;1.2897177;0.3133165;0.3305942;0.3010957;0.2945638;M;Control-No_aprendizaje
0.26272;0.47184;0.32768;2.64128;4.25088;0.24064;0.19424;2.8872;0.22496;1.27008;0.30656;0.35952;0.2904;0.29008;F;Control-No_aprendizaje
0.4644428;0.6689917;0.2905231;2.1884761;3.5006823;0.2031842;0.1630023;2.2338135;0.1834723;1.2921911;0.5455648;0.240182;0.311903;0.2410917;M;Trisomic-Aprendizaje
2.0175039;2.003237;0.3824481;2.7133437;5.2437358;0.2116053;0.1744395;3.1487831;0.21736;3.7182592;2.6819326;0.2898933;0.3577509;0.2725093;F;Control-Aprendizaje
0.3347398;0.4739803;0.3189873;2.0185654;3.457384;0.259353;0.209564;3.457384;0.1921238;1.1738397;0.5170183;0.3547117;0.3158931;0.2810127;M;Control-Aprendizaje
0.3243104;0.5423014;0.3272952;2.4458625;4.2973446;0.1523261;0.1295801;3.4419514;0.1876287;1.0370523;0.5256278;0.227254;0.3587896;0.1816591;F;Control-Aprendizaje
0.2107819;0.3385138;0.2509309;1.8983325;3.0187793;0.1949166;0.1549296;3.080136;0.1877934;0.8952566;0.2565971;0.2470455;0.2844423;0.2302088;F;Control-No_aprendizaje
0.3304774;0.5675817;0.3553069;2.7350935;4.7510054;0.253366;0.2068543;3.3755901;0.231509;1.7686659;0.3294282;0.3635251;0.3623011;0.3371219;M;Trisomic-No_aprendizaje
0.2867894;0.4979169;0.3378578;2.5894369;4.2838328;0.2714689;0.1916409;5.1799489;0.2370649;1.3013036;0.3550598;0.3370515;0.3053353;0.2889397;M;Control-No_aprendizaje
0.5696115;0.7131204;0.2948984;2.1328633;3.787087;0.2003318;0.1700539;5.8718374;0.1888566;1.4975805;0.6504908;0.2816259;0.3343011;0.252454;M;Trisomic-Aprendizaje
0.3404124;0.4967682;0.3305633;2.3644198;2.9556787;0.2782395;0.255771;2.6534318;0.2477685;1.5186211;0.4659895;0.3558018;0.2973223;0.3585719;F;Control-No_aprendizaje
0.4000339;0.5846911;0.3265445;2.4903259;4.5624576;0.2279362;0.1724372;2.200611;0.2111337;1.441446;0.6559742;0.3306178;0.2910726;0.2449084;M;Control-Aprendizaje
0.2758495;0.4307636;0.2851662;2.2652539;3.2500913;0.1892583;0.157837;2.9176105;0.2025941;1.7347461;0.3217026;0.2621483;0.2626964;0.2290829;F;Control-No_aprendizaje
0.2546816;0.4248596;0.2808989;1.875;2.7696629;0.2366573;0.1952247;4.5589888;0.1872659;1.2226124;0.3419944;0.3232678;0.2848783;0.281133;M;Control-No_aprendizaje
0.734437;0.876063;0.3879125;2.541558;4.6016555;0.2410704;0.1892505;5.2528631;0.2289375;1.790339;0.953963;0.3400612;0.3731716;0.300601;M;Control-Aprendizaje
0.3004568;0.4757232;0.2974116;2.4691254;3.8279479;0.2373541;0.1803417;5.1432922;0.2038572;1.2532566;0.3875825;0.3244798;0.2840467;0.2596853;M;Control-No_aprendizaje
0.2335508;0.3705499;0.2158434;1.7429637;2.5280522;0.193849;0.1392358;2.3187325;0.1351351;0.812302;0.3386766;0.2231128;0.2732526;0.1899348;M;Control-Aprendizaje
0.2856437;0.4646032;0.319888;2.4794205;3.9282186;0.2548568;0.1934475;4.8895291;0.2281857;1.3035891;0.3696082;0.3274613;0.300461;0.2925584;M;Control-No_aprendizaje
0.76543;0.9264832;0.2644897;1.9435801;3.3804069;0.1860147;0.1591725;2.2578219;0.1887502;1.810053;1.1714823;0.268251;0.2407249;0.2438024;M;Trisomic-Aprendizaje
0.4145071;0.6750309;0.2768408;2.2022487;4.440011;0.2406417;0.1579597;4.9686;0.1878514;1.4172494;0.4520773;0.3198958;0.2938434;0.2524338;M;Trisomic-No_aprendizaje
0.2966044;0.4993209;0.3319185;2.5495756;4.0073005;0.2684211;0.1942275;4.9971138;0.2393888;1.260781;0.3529711;0.342275;0.3056027;0.3286927;M;Control-No_aprendizaje
0.2643731;0.4518587;0.3070884;2.0785038;3.1491572;0.238513;0.2140383;2.7564073;0.2170399;1.5114292;0.3073193;0.3216347;0.3093974;0.2904641;M;Trisomic-No_aprendizaje
0.2839225;0.4570125;0.3224629;2.3890536;3.763512;0.2513113;0.186545;3.6075257;0.1924743;1.4241733;0.332041;0.3115165;0.3238312;0.2820981;F;Control-No_aprendizaje
1.7732107;1.4988502;0.31762;2.214142;4.1441506;0.201351;0.1710262;2.5160966;0.1864041;3.1171314;2.3318482;0.2561081;0.3049727;0.2424547;F;Control-Aprendizaje
0.3530366;0.5366249;0.2644877;1.8022717;2.998841;0.2216041;0.162726;3.7109411;0.1576263;1.3182661;0.4207232;0.2693556;0.2635605;0.2420028;M;Trisomic-No_aprendizaje
0.6116988;0.9269268;0.3838563;2.5785403;4.3364744;0.2033959;0.164548;2.870833;0.2335319;1.6412126;0.689039;0.3070495;0.3314961;0.2672238;F;Trisomic-Aprendizaje
0.1984779;0.347032;0.2837139;1.7010654;2.3327245;0.2730594;0.2432268;3.7491629;0.2563166;1.256621;0.3098935;0.3902588;0.2648402;0.4070015;M;Control-No_aprendizaje
0.4646147;0.6375628;0.3670436;2.1009213;4.0291039;0.2927136;0.2106365;3.9070352;0.2250838;1.7303183;0.7234087;0.3695561;0.3932161;0.3295645;F;Control-Aprendizaje
0.2785924;0.5222874;0.3070381;2.3516129;3.0788856;0.3222874;0.231085;4.9372434;0.273607;0.4290323;0.3249267;0.3489736;0.2870968;0.3029326;M;Trisomic-No_aprendizaje
0.3596992;0.4904046;0.3252075;2.4053423;3.6268154;0.2691909;0.2243257;5.0033714;0.2232884;1.373444;0.4188278;0.3576245;0.3145747;0.3114627;M;Control-No_aprendizaje
0.2809458;0.5288209;0.2996446;2.2909906;3.2435481;0.2460207;0.1957966;2.9460671;0.2217586;1.1414001;0.29949;0.2977901;0.2831093;0.2641014;F;Trisomic-No_aprendizaje
0.3027608;0.4730406;0.3225866;2.5278859;4.099685;0.2427274;0.1806559;4.0164906;0.1975171;1.299055;0.3435242;0.3409301;0.32796;0.277191;F;Control-No_aprendizaje
0.513901;0.8074138;0.3090067;2.2325514;3.8176948;0.2166232;0.1775268;6.1252534;0.1918621;1.5072401;0.6630466;0.2949609;0.3563568;0.2589053;M;Trisomic-Aprendizaje
0.4834571;0.6365069;0.2901193;2.0191312;3.2115688;0.236777;0.1967139;5.4913347;0.2059419;1.4186361;0.5390502;0.2988971;0.3605672;0.2802161;M;Trisomic-Aprendizaje
0.2424445;0.378722;0.3496153;2.4053753;4.7545444;0.2364224;0.1622616;5.4829932;0.1942679;0.8991859;0.286941;0.3045612;0.3430356;0.259284;F;Control-No_aprendizaje
0.311823;0.4770684;0.2495967;1.8151648;2.5291542;0.1963586;0.1940539;3.2864715;0.1802259;1.2401475;0.3208112;0.2645771;0.247292;0.2316202;M;Control-No_aprendizaje
0.3268978;0.4787254;0.3154639;2.6112465;4.2427366;0.2382381;0.1763824;4.0650422;0.2011246;1.4596064;0.3546392;0.3169634;0.3334583;0.2888472;F;Control-No_aprendizaje
0.3221403;0.512558;0.3084903;2.6146601;4.3296478;0.2304122;0.1718537;5.6096096;0.2274092;1.3252798;0.4058149;0.3207753;0.2871963;0.3091728;M;Control-No_aprendizaje
0.8873767;0.9726558;0.3014109;2.2639531;3.6461481;0.1844175;0.1447122;2.5038082;0.1852915;1.8363092;0.9330753;0.2210014;0.2831814;0.2128855;M;Trisomic-Aprendizaje
0.5194434;0.7363706;0.3705681;2.5030499;4.9471979;0.2664888;0.2052993;2.7491422;0.2089211;1.7121616;0.7872665;0.3476935;0.3444529;0.2842165;M;Control-Aprendizaje
0.3143976;0.4952661;0.3623898;2.5106105;3.5223637;0.3176624;0.2794646;4.9454783;0.2461639;1.4476004;0.4253999;0.3780607;0.3290891;0.34476;M;Control-No_aprendizaje
0.2407941;0.380102;0.3575865;2.338953;4.7837178;0.2199423;0.1607143;5.3673469;0.1953194;0.8380657;0.2894854;0.3097826;0.349268;0.2690772;F;Control-No_aprendizaje
0.5075642;0.6122727;0.326874;2.2955975;4.8765936;0.2466429;0.2114567;3.7317695;0.2344042;1.5330614;0.7693354;0.3227945;0.291008;0.3076662;F;Control-Aprendizaje
0.3499039;0.6229587;0.3441403;2.7759366;5.4716619;0.2498799;0.201489;4.1305235;0.2612872;1.5168108;0.3551873;0.3740394;0.3715178;0.3533862;M;Trisomic-No_aprendizaje
0.485692;0.6296826;0.299948;2.317768;4.1501041;0.2046046;0.1515349;3.5723205;0.1638918;1.2907128;0.685744;0.2818678;0.3277836;0.2304891;M;Control-Aprendizaje
0.3541988;0.4859399;0.3561248;1.9551233;2.864792;0.288906;0.2261171;4.699923;0.2280431;1.1866333;0.4171803;0.3310863;0.373074;0.3318567;F;Trisomic-No_aprendizaje
0.5384129;0.7018653;0.3844451;2.4821372;4.109706;0.2880177;0.2232058;2.0828328;0.2020234;1.9652229;0.8390768;0.4027822;0.4163769;0.3465065;M;Control-Aprendizaje
0.2523898;0.4609665;0.2586298;1.7142857;2.4200743;0.2024695;0.1558683;2.5872278;0.1846787;0.8481147;0.2566383;0.2523898;0.2488051;0.2377854;F;Trisomic-No_aprendizaje
0.3831928;0.6265623;0.332893;2.3572808;3.7225892;0.2517021;0.1731531;5.7863022;0.2671476;1.1637029;0.4265827;0.343461;0.3751651;0.2979372;F;Trisomic-No_aprendizaje
0.3856945;0.4983205;0.2975697;2.3562537;3.8605019;0.2373049;0.219917;2.7858131;0.212211;1.2948034;0.4190871;0.3303695;0.2606204;0.2957913;F;Control-No_aprendizaje
0.8074747;0.9252535;0.3348267;2.3279887;4.0180382;0.2064372;0.1651733;2.2801226;0.2174016;1.8409573;0.9386937;0.2532422;0.3261023;0.2489979;M;Trisomic-Aprendizaje
0.2497051;0.441786;0.2855939;2.2965459;3.7631003;0.2291491;0.1841618;2.9966302;0.1959562;1.2161752;0.3275484;0.2862679;0.2697557;0.2647009;F;Control-No_aprendizaje
0.4177771;0.5480988;0.2624309;2.0004875;3.459701;0.2167696;0.1732207;3.0289243;0.1654209;1.1576211;0.6173221;0.2972051;0.3095548;0.2458564;M;Control-Aprendizaje
0.4567857;0.7507313;0.4632568;3.0906835;5.5761014;0.2443046;0.1782643;3.6549951;0.235972;1.7220991;0.5121886;0.3501463;0.4387022;0.3146884;F;Control-Aprendizaje
0.2423373;0.4608353;0.2927048;2.301667;3.6845313;0.2455637;0.1794228;4.3029217;0.2084603;1.2504033;0.3108084;0.3522137;0.2905539;0.2948557;M;Control-No_aprendizaje
0.2680213;0.4296081;0.3207547;1.9617804;2.9963716;0.2402032;0.1983551;4.6935172;0.1913401;1.338897;0.3497823;0.3301887;0.2980164;0.2876149;M;Control-No_aprendizaje
0.3275909;0.5184578;0.3218485;2.6013126;4.6173093;0.230927;0.172956;5.5386929;0.217528;1.391988;0.4018321;0.3321028;0.2905387;0.2692097;M;Control-No_aprendizaje
0.5153716;0.6816751;0.3081578;2.1907528;3.0232389;0.2725732;0.2144759;2.9327039;0.2050351;1.3696442;0.6870007;0.3171145;0.3771484;0.3163883;M;Control-Aprendizaje
0.5425988;0.6736475;0.3074726;2.3465017;3.6127241;0.2119626;0.1716643;2.3062034;0.2027606;1.4094875;0.5725845;0.2506743;0.3322228;0.2579724;M;Trisomic-Aprendizaje
0.5779795;0.8383091;0.3243372;2.321113;4.1417483;0.2027705;0.1756628;6.2192501;0.2003821;1.544662;0.686888;0.2940053;0.3699546;0.2891091;M;Trisomic-Aprendizaje
0.4122677;0.6458488;0.4038414;2.594052;5.1786865;0.288228;0.1881041;6.860347;0.2427509;1.3934325;0.4324659;0.3613383;0.402974;0.339777;F;Trisomic-No_aprendizaje
0.2564695;0.400878;0.280268;1.8784658;2.8426525;0.2204251;0.1908503;4.547597;0.1846118;1.2014787;0.3477357;0.3602126;0.2719501;0.2814233;M;Control-No_aprendizaje
0.414109;0.6061385;0.3496706;2.1076651;4.2251326;0.2816969;0.1962076;4.1271091;0.2241684;1.5277197;0.6374739;0.3569018;0.3797204;0.3061224;F;Control-Aprendizaje
0.2789746;0.5280052;0.361913;2.5208962;4.7636794;0.3599741;0.2296424;3.735028;0.2498923;1.6271004;0.3082723;0.3978888;0.353296;0.3741922;M;Trisomic-No_aprendizaje
0.2906376;0.3331419;0.2682366;1.8385985;2.6134406;0.1932797;0.1800689;3.2458357;0.1849512;1.3325675;0.3038484;0.270247;0.2616312;0.2423894;M;Control-No_aprendizaje
0.2872576;0.4733612;0.3287503;2.3874294;3.4497913;0.2457648;0.1988706;2.5406334;0.2023079;1.6199362;0.3189295;0.3287503;0.3334152;0.305426;M;Trisomic-No_aprendizaje
0.3858268;0.5939513;0.3323193;2.1104152;2.9579456;0.2525054;0.1798497;3.9520401;0.241947;1.2761274;0.4957051;0.3577309;0.408733;0.2952756;F;Trisomic-Aprendizaje
0.5229179;0.7210905;0.363541;2.4562612;5.1917316;0.2291791;0.1866387;2.481426;0.1908328;1.6412522;0.7998802;0.3269922;0.3253445;0.2538945;M;Control-Aprendizaje
0.4398083;0.6047115;0.2437612;1.7939709;2.506688;0.1782791;0.1453384;1.8895987;0.176682;1.1878618;0.4721501;0.2251947;0.271112;0.2060291;F;Trisomic-Aprendizaje
0.9458853;1.2987526;0.4458404;2.937988;5.5857489;0.2160101;0.1935744;2.2475096;0.2632146;2.2706632;1.2086512;0.31706;0.3868797;0.3075473;M;Trisomic-Aprendizaje
0.2807357;0.4346563;0.2813166;2.2993224;3.7225557;0.2662149;0.17909;4.8404647;0.1980639;1.2404647;0.3699903;0.3190707;0.2784124;0.2755082;M;Control-No_aprendizaje
0.4307945;0.6671306;0.4257338;2.6375253;5.378416;0.2940283;0.2163462;6.951164;0.2644231;1.534666;0.4463563;0.3739879;0.4449646;0.3537449;F;Trisomic-No_aprendizaje
0.4072642;0.6702113;0.3346223;2.5892832;5.2043917;0.2375363;0.1803618;5.3656953;0.241265;1.3643143;0.4075404;0.3239884;0.34498;0.2998205;M;Trisomic-No_aprendizaje
0.4037507;0.5568119;0.3132929;2.2324876;4.168781;0.2705461;0.1955323;3.8954771;0.2517926;1.5366795;0.6458908;0.3610039;0.3317705;0.3403199;F;Control-Aprendizaje
0.2060367;0.3707349;0.3172572;1.8536745;2.5528215;0.3412073;0.2503281;3.9629265;0.2627953;1.2847769;0.3074147;0.4143701;0.2900262;0.4238845;M;Control-No_aprendizaje
0.2304952;0.3897399;0.3427146;1.9800499;2.8386177;0.3085144;0.2557891;4.5069469;0.2835768;1.5507659;0.3712148;0.3990025;0.3273958;0.3651585;M;Control-No_aprendizaje
0.2674129;0.4405473;0.3159204;2.4900498;3.710199;0.2748756;0.2191542;3.3410448;0.2385572;1.3507463;0.3156716;0.3420398;0.2875622;0.3022388;F;Control-No_aprendizaje
0.3660107;0.5749553;0.2908766;1.921288;2.7989267;0.3019678;0.2078712;2.3241503;0.231127;1.5556351;0.5334526;0.3567084;0.2994633;0.3449016;F;Trisomic-Aprendizaje
0.5006431;0.8283368;0.4093203;2.6832888;4.5948353;0.2520036;0.1976848;4.1953102;0.2556644;1.3968537;0.5562481;0.3618284;0.364302;0.328881;F;Trisomic-No_aprendizaje
0.3336359;0.6021784;0.3240405;2.8344139;5.1321317;0.2429979;0.1794606;6.3584025;0.2162863;1.2782676;0.3375259;0.3537344;0.3018672;0.2838434;M;Trisomic-No_aprendizaje
0.596246;0.821877;0.3045955;2.3777346;4.1688026;0.175534;0.1451133;2.0517799;0.1928803;1.5537864;0.8390939;0.2677023;0.2721036;0.2168285;F;Trisomic-Aprendizaje
0.273375;0.4370872;0.3048314;2.3757386;3.8835593;0.2572124;0.1915189;6.477407;0.2158498;1.1831769;0.4101495;0.392944;0.31439;0.2982273;M;Control-No_aprendizaje
0.333438;0.5421245;0.3320774;2.4736787;4.3482993;0.1486133;0.1467295;3.4319205;0.1885924;1.0341183;0.5311355;0.2196756;0.3574045;0.1880691;F;Control-Aprendizaje
0.945123;1.2004886;0.432996;2.8706159;5.4067353;0.2132263;0.1896702;2.1599197;0.2657477;2.0349852;1.2724655;0.3098063;0.3743675;0.289391;M;Trisomic-Aprendizaje
0.4476744;0.7098837;0.2946512;2.0768605;3.3980233;0.1811628;0.1467442;2.655;0.2094186;1.3245349;0.5038372;0.2480233;0.2994186;0.2175581;F;Trisomic-Aprendizaje
0.5915721;0.6787682;0.3124797;2.1641815;4.3139384;0.1957861;0.1611021;1.9756888;0.1619125;1.7687196;0.8385737;0.3063209;0.323825;0.2301459;M;Control-Aprendizaje
0.2332261;0.3849396;0.2631696;2.0771875;3.6797161;0.1853166;0.1581457;3.659532;0.2206942;0.9551957;0.2505268;0.2640568;0.254741;0.2350006;F;Control-No_aprendizaje
0.2626427;0.4402755;0.2934566;2.4788835;3.9177089;0.2249411;0.1787203;2.9059271;0.2127968;1.0884539;0.302882;0.3083197;0.2686243;0.2633678;F;Control-No_aprendizaje
0.3675539;0.5190114;0.2674271;1.8780101;2.7737643;0.2756654;0.1647655;2.4204689;0.2059569;1.367237;0.4949303;0.2937262;0.2715463;0.3292142;F;Trisomic-Aprendizaje
0.2677453;0.4091858;0.2800104;1.8671712;2.7400835;0.2836639;0.2207724;4.2395616;0.230167;1.2734864;0.388309;0.3943111;0.3008873;0.3280271;M;Control-No_aprendizaje
0.2734169;0.4808707;0.2460422;1.7335092;2.4281003;0.1846966;0.1462731;2.2542876;0.166062;0.8486148;0.2958443;0.2460422;0.2381266;0.2199868;F;Trisomic-No_aprendizaje
0.60282;0.8355613;0.3010438;2.1331258;3.0644571;0.2153452;0.1847647;1.9855338;0.2049075;1.7031679;0.8229262;0.2547153;0.304523;0.2519685;M;Trisomic-Aprendizaje
0.2643242;0.4169041;0.3244698;2.079139;3.1823362;0.3279519;0.2459639;4.6540044;0.2855334;1.4074074;0.4169041;0.3922127;0.334283;0.3716366;M;Control-No_aprendizaje
0.3596924;0.5008874;0.3034904;2.0698087;4.1023467;0.2313153;0.1820154;3.6813252;0.1833958;1.1755078;0.5458489;0.3378032;0.2894893;0.2573457;M;Control-Aprendizaje
0.4378597;0.7053004;0.4179707;2.7967693;5.4607774;0.2798587;0.1908127;6.4558304;0.2834932;1.4170621;0.4477537;0.3745583;0.4355376;0.3460878;F;Trisomic-No_aprendizaje
0.4273035;0.5797408;0.2330234;1.6370809;2.612426;0.1849817;0.1432798;2.2797971;0.1713159;1.2659904;0.6122852;0.2389405;0.2140039;0.215131;M;Trisomic-Aprendizaje
0.7114799;0.8070539;0.3515906;2.546888;5.595574;0.1991701;0.1659751;2.1188105;0.1746888;2.0504841;1.0759336;0.3319502;0.3461964;0.2502075;M;Control-Aprendizaje
0.3568812;0.4989534;0.3474621;2.3976975;3.5805861;0.2812664;0.2276295;2.6606489;0.2260597;1.489011;0.3354265;0.3427525;0.3547881;0.3827839;M;Trisomic-No_aprendizaje
0.712609;0.908283;0.2533535;1.9223675;3.2426224;0.184943;0.1487257;2.2097586;0.1795775;1.693159;1.1540912;0.2649229;0.2365862;0.2255198;M;Trisomic-Aprendizaje
0.6169501;0.7635907;0.3509897;2.1207137;2.6827432;0.2748815;0.2235852;4.7443546;0.2196822;1.4402007;0.7449122;0.3183719;0.3925286;0.2877056;M;Trisomic-Aprendizaje
0.4265734;0.6064401;0.3514393;2.5269149;4.5217108;0.2460563;0.1906001;3.9181981;0.2039356;1.2125549;0.605139;0.34282;0.3759961;0.2699626;M;Trisomic-Aprendizaje
0.3662387;0.5892331;0.3644717;2.5343386;4.6052539;0.2343032;0.1873012;3.2304158;0.194487;1.342561;0.4302038;0.3048651;0.3727176;0.2765932;F;Control-Aprendizaje
0.8089389;1.0426225;0.3763505;2.5441764;4.7257659;0.2470031;0.1929851;2.6172858;0.2193281;1.8369099;0.9131271;0.3115288;0.3568152;0.2985053;M;Trisomic-Aprendizaje
0.510467;0.6760985;0.352427;2.5760294;4.4812514;0.2403957;0.1877157;2.2613297;0.1870255;1.9277663;0.7329193;0.3135496;0.3199908;0.2512077;F;Control-Aprendizaje
0.4253659;0.587122;0.2419512;1.740878;2.4889756;0.1730732;0.1590244;1.787122;0.1676098;1.1867317;0.4651707;0.2179512;0.2626341;0.1925854;F;Trisomic-Aprendizaje
0.4393468;0.6580093;0.296423;2.2315708;3.6765163;0.2055988;0.1416796;2.7080871;0.2063764;1.2727838;0.4808709;0.2933126;0.3055988;0.2601866;F;Trisomic-Aprendizaje
0.4229916;0.5737677;0.3632952;2.3218489;3.5630223;0.2703394;0.2068907;5.6450623;0.2379328;1.4107112;0.4487464;0.3586901;0.4223094;0.3071806;F;Trisomic-No_aprendizaje
0.3569437;0.5821085;0.2967562;2.1578814;3.6064369;0.1964014;0.1571211;4.4469083;0.1765079;1.2977699;0.3645464;0.2824379;0.2723011;0.2330208;M;Control-No_aprendizaje
0.2375566;0.4209336;0.2500595;1.501548;2.1636104;0.1870684;0.1420576;2.2936413;0.1639676;0.8047154;0.2373184;0.2369612;0.2232674;0.2227911;F;Trisomic-No_aprendizaje
0.5739918;0.9331142;0.3767099;2.6298632;4.4909398;0.203855;0.1616628;2.9520341;0.2405401;1.630485;0.7150471;0.3111565;0.3356724;0.2716291;F;Trisomic-Aprendizaje
0.2938815;0.400956;0.2793499;2.124283;3.0028681;0.2470363;0.1858509;3.2529637;0.2382409;1.01587;0.2325048;0.3365201;0.2856597;0.2904398;F;Trisomic-No_aprendizaje
0.2601447;0.4653979;0.3096886;2.6193772;4.1286568;0.2315193;0.1846493;2.8515256;0.2340359;3.0003146;0.3051274;0.327776;0.28704;0.2851526;F;Control-No_aprendizaje
0.4877114;0.6101466;0.3429538;2.3986471;4.6685457;0.2730552;0.2065389;4.0577227;0.2532131;1.5140924;0.7084555;0.3648253;0.3152198;0.356257;F;Control-Aprendizaje
0.3719984;0.5978218;0.2996982;2.2141451;3.7111928;0.1977431;0.160084;4.5030836;0.1885579;1.2857893;0.376591;0.2915628;0.2809343;0.2375016;M;Control-No_aprendizaje
0.7679883;0.9459945;0.4312286;2.7622777;4.4561103;0.2198564;0.1901615;3.8830968;0.2619514;1.7455539;1.1687062;0.3445097;0.3795073;0.2901778;M;Control-Aprendizaje
0.3791883;0.6087409;0.3202914;2.3766909;4.1779396;0.2638918;0.1970864;4.8360042;0.2362123;1.4206035;0.3991675;0.3402706;0.3431842;0.3207076;M;Trisomic-No_aprendizaje
0.2040655;0.3284055;0.2534319;1.8899155;2.4033791;0.2711193;0.1953537;2.6755544;0.2745512;0.967265;0.1491552;0.2940866;0.2748152;0.2869588;F;Trisomic-No_aprendizaje
0.6391739;0.8433045;0.3448368;2.3893404;4.126449;0.2378414;0.1788141;5.048501;0.2077282;1.5355097;0.8285143;0.322052;0.3403065;0.2854097;M;Control-Aprendizaje
0.4667378;0.8229574;0.342227;2.4982806;4.1328116;0.2127357;0.1660145;2.2955058;0.1988616;1.298826;0.5741729;0.3334519;0.336535;0.2631329;F;Trisomic-Aprendizaje
0.4284261;0.5667429;0.3268497;2.2584541;4.1003051;0.1881515;0.1402237;2.647343;0.1772184;1.3095601;0.484236;0.2076023;0.3712179;0.2032799;F;Control-Aprendizaje
0.4666667;0.6898438;0.3908854;2.6703125;5.059375;0.2388021;0.186849;4.1596354;0.2203125;1.3635417;0.7119792;0.3574219;0.40625;0.2856771;M;Trisomic-Aprendizaje
0.4449729;0.6273577;0.3619813;2.21732;4.412498;0.2962113;0.1992783;4.2755454;0.2202723;1.684599;0.706085;0.3752665;0.3949483;0.3217976;F;Control-Aprendizaje
0.2518614;0.3835687;0.2824134;2.2223363;2.9982028;0.2598203;0.195122;2.2991014;0.1876765;1.0937099;0.303466;0.2985879;0.2849807;0.2603338;F;Control-No_aprendizaje
0.2498067;0.4715133;0.3101315;2.3454499;3.3034287;0.320959;0.2168085;4.512761;0.2379479;1.3387471;0.295437;0.3387471;0.3023975;0.3263728;M;Control-No_aprendizaje
0.1684934;0.2922695;0.1981587;1.6349554;2.7268742;0.1795996;0.1340056;3.7338886;0.1348824;0.8532807;0.2453602;0.2642116;0.2304545;0.1997662;M;Control-No_aprendizaje
0.8727878;0.980173;0.2749168;2.0525615;3.8089155;0.1834997;0.1497006;2.0778443;0.1946773;1.972322;1.37831;0.2645376;0.2380572;0.2085163;M;Trisomic-Aprendizaje
0.387131;0.5693831;0.2596783;1.8152731;2.6420364;0.1840198;0.1543221;1.9763125;0.1783631;1.0894467;0.4247835;0.229627;0.2690472;0.199399;F;Trisomic-Aprendizaje
0.5708573;0.7175706;0.3264184;2.2691827;3.8270432;0.2749313;0.2024494;5.9307673;0.2216946;1.6475881;0.5971007;0.3276681;0.4116471;0.3351662;M;Trisomic-Aprendizaje
0.2932191;0.5781585;0.4052819;2.6865096;5.4119914;0.2930764;0.2097074;4.2679515;0.2668094;1.4852248;0.3223412;0.3911492;0.350464;0.3433262;M;Trisomic-No_aprendizaje
0.197589;0.3507945;0.2394521;2.0444932;3.6267397;0.2015342;0.1502466;4.9344658;0.171726;0.861589;0.2980822;0.312;0.253589;0.2368219;M;Control-No_aprendizaje
0.3573938;0.5501416;0.3065156;2.4286686;3.8435127;0.2010198;0.1543343;3.5976204;0.1941076;1.1888952;0.4609632;0.2870255;0.3562606;0.2254958;M;Control-Aprendizaje
0.3979284;0.553484;0.3314501;2.2566855;3.9596987;0.2483992;0.1868173;3.4487759;0.2052731;1.1945386;0.5613936;0.3227872;0.3661017;0.265725;M;Trisomic-Aprendizaje
0.3468911;0.4742871;0.2961664;1.9831697;3.6741468;0.2398317;0.1930809;3.471482;0.184432;1.1489014;0.528518;0.3333333;0.2900888;0.2695185;M;Control-Aprendizaje
0.3518454;0.5922692;0.3888695;3.1477471;5.7535219;0.2640587;0.2051461;4.2899057;0.2683665;1.2838514;0.3780417;0.3665153;0.3223891;0.3186634;F;Control-No_aprendizaje
0.4728488;0.6399332;0.3061821;2.0597327;3.3966165;0.2520886;0.2002924;4.3279031;0.1977861;1.3911863;0.6829574;0.3199666;0.3059733;0.3143275;M;Control-Aprendizaje
0.4875279;0.6591586;0.3436337;2.4311243;3.6688384;0.2185406;0.179449;2.6440804;0.2161206;1.4596054;0.5755771;0.2451601;0.4041325;0.2764334;F;Control-Aprendizaje
0.2682685;0.448105;0.3185534;2.5296012;4.0559822;0.2880852;0.2179837;3.2501858;0.2325985;1.4337379;0.3316819;0.3708199;0.2979936;0.3106267;F;Control-No_aprendizaje
0.3648734;0.4821017;0.3125393;1.9462005;3.3495918;0.2308981;0.1888214;1.5086875;0.1710278;1.3533598;0.4718443;0.2721373;0.3405903;0.2560184;M;Control-Aprendizaje
2.4803157;2.4886839;0.4370483;3.1260936;6.0038037;0.2097756;0.1853366;3.1532902;0.2360213;4.4973374;3.2892735;0.3076265;0.3963484;0.289749;F;Control-Aprendizaje
0.2573483;0.3902439;0.3373984;2.0603502;3.1419637;0.300813;0.2414009;4.6529081;0.3051907;1.3849281;0.3824265;0.3905566;0.3398999;0.3455285;M;Control-No_aprendizaje
0.4797425;0.6336615;0.353086;2.4644074;3.7232109;0.1215449;0.1843998;2.7175312;0.2194245;1.5541462;0.6063991;0.2482014;0.4119652;0.2559637;F;Control-Aprendizaje
0.2370469;0.413551;0.2960714;2.1404441;2.7902828;0.241412;0.1833365;3.2554564;0.2277472;1.0265705;0.2203454;0.2958816;0.3032834;0.2759537;F;Trisomic-No_aprendizaje
0.336807;0.5833681;0.2851188;2.403293;4.0660692;0.2776157;0.2219675;4.9205919;0.2369737;1.3730721;0.4222593;0.37599;0.2803251;0.3109629;M;Trisomic-No_aprendizaje
0.2935802;0.5335802;0.3469136;2.48;3.5402469;0.2753086;0.2214815;5.4940741;0.2259259;1.2577778;0.3390123;0.3550617;0.2881481;0.3155556;M;Trisomic-No_aprendizaje
0.4063433;0.596359;0.3372209;2.5593799;5.0483573;0.2331105;0.1685393;2.4306642;0.2277059;1.4362111;0.6740151;0.3323852;0.2952638;0.2551557;M;Control-Aprendizaje
0.4230086;0.6759259;0.4397514;2.7023085;5.899036;0.3020041;0.2151192;7.1046423;0.2739726;1.6576611;0.4568747;0.3792491;0.45345;0.369863;F;Trisomic-No_aprendizaje
0.4237892;0.5917023;0.2546296;1.8304843;2.6501068;0.1835826;0.1540242;1.9976852;0.1855413;1.0787037;0.4250356;0.2364672;0.2795584;0.2165242;F;Trisomic-Aprendizaje
2.1093905;1.9136521;0.3969277;2.8276759;5.305005;0.214445;0.1837215;3.1330525;0.2088702;3.7118434;2.8068632;0.3052527;0.3746283;0.2846878;F;Control-Aprendizaje
0.3287037;0.4934414;0.2959105;2.0505401;4.1506559;0.2287809;0.1832562;3.7141204;0.1751543;1.3192515;0.5092593;0.3258102;0.2947531;0.2571373;M;Control-Aprendizaje
0.2377469;0.3833211;0.2679834;1.7247013;2.4623263;0.2633504;0.2094611;3.9373324;0.2128749;1.1828822;0.3547915;0.3377225;0.2633504;0.3196781;M;Control-No_aprendizaje
0.3563888;0.5482905;0.2676855;2.17268;3.2357019;0.191429;0.1545612;2.2921065;0.1688987;1.0420671;0.4340633;0.257602;0.3338585;0.2342839;F;Control-Aprendizaje
0.2827818;0.5687489;0.3609981;2.5246859;4.7910104;0.2956999;0.2073969;3.9808883;0.2518138;1.3758627;0.3158733;0.3799328;0.3477261;0.3404707;M;Trisomic-No_aprendizaje
0.4746544;0.6714286;0.2949309;2.2519201;3.3225806;0.2044547;0.1858679;2.247619;0.187404;1.3285714;0.609063;0.2460829;0.3313364;0.2462366;M;Trisomic-Aprendizaje
0.3697565;0.5725394;0.2721506;1.9032126;3.2557806;0.2146511;0.1649274;4.0834868;0.1888684;1.3325148;0.4094537;0.2946593;0.2713321;0.2574176;M;Trisomic-No_aprendizaje
0.6334068;0.868688;0.3814774;2.484785;4.5684675;0.2363837;0.185667;4.9772878;0.2266814;1.6394708;0.9639471;0.3329658;0.3638368;0.293495;M;Control-Aprendizaje
0.4895358;0.7049567;0.3055862;2.2204563;3.6409127;0.2099135;0.1730921;2.4456334;0.2007868;1.3177026;0.5543666;0.2974036;0.3106216;0.2575924;F;Trisomic-Aprendizaje
0.3571036;0.6325679;0.3544665;2.6944292;4.2923855;0.2264586;0.1726184;3.5905944;0.2516207;1.3004065;0.3545764;0.3195253;0.2978794;0.2889792;F;Trisomic-No_aprendizaje
0.3656217;0.5722085;0.2979923;2.0049313;2.7835505;0.2453329;0.1903839;2.9482212;0.2175062;1.1775273;0.4323706;0.325819;0.3104967;0.294646;F;Trisomic-No_aprendizaje
0.2849205;0.5140832;0.2877946;2.4711631;4.0013413;0.2590535;0.1894999;5.8219966;0.2077026;1.2872198;0.2900939;0.3468097;0.2766814;0.3088714;M;Trisomic-No_aprendizaje
0.4108672;0.6146949;0.3994914;2.7482602;4.919834;0.2637848;0.1895075;5.6640792;0.245182;1.5255621;0.442318;0.3451552;0.3626874;0.3146413;F;Trisomic-No_aprendizaje
0.2840561;0.5107206;0.2829276;2.1812026;3.8539416;0.2273094;0.1931324;3.1847493;0.2279542;1.269547;0.3022731;0.3351604;0.3001773;0.2856682;M;Trisomic-No_aprendizaje
0.3565273;0.5657517;0.3755187;2.7092244;4.7309288;0.2484839;0.2176827;6.335142;0.227737;1.600383;0.3712097;0.3424832;0.3906799;0.3080115;F;Trisomic-No_aprendizaje
0.2866508;0.4636472;0.295143;2.4135876;3.5971395;0.1859356;0.159565;3.2097735;0.2103695;1.2036651;0.3268772;0.2675805;0.2520858;0.2282479;F;Control-No_aprendizaje
0.2563463;0.4954669;0.3204896;2.6536718;4.3386219;0.2692656;0.2150952;3.5358114;0.2432004;1.286718;0.3281958;0.3599275;0.31301;0.3259293;F;Control-No_aprendizaje
0.2955954;0.3957586;0.308646;2.0845024;2.8316476;0.2701468;0.1947798;2.8257749;0.1941272;1.3311582;0.3004894;0.2955954;0.3047308;0.2831974;F;Control-No_aprendizaje
0.2264905;0.3804971;0.1941596;1.414914;1.7947158;0.1623501;0.1329741;1.6549626;0.1480966;0.7342256;0.2501304;0.1952025;0.1979837;0.2080654;F;Trisomic-No_aprendizaje
0.4834549;0.6522715;0.2557487;1.9366237;3.1493737;0.1908768;0.1417087;1.6109553;0.1495607;1.3555805;0.6636755;0.254627;0.239484;0.1805945;F;Trisomic-Aprendizaje
1.7178571;1.6996894;0.3459627;2.4479814;4.3423913;0.2180124;0.1785714;2.7549689;0.1956522;3.2619565;2.467236;0.2770186;0.3309006;0.265528;F;Control-Aprendizaje
0.3586022;0.5181004;0.2492832;2.0419355;2.9379928;0.1865591;0.1492832;2.0390681;0.1639785;1.1137993;0.4482079;0.2625448;0.3286738;0.2236559;F;Control-Aprendizaje
0.2988255;0.6275168;0.3489933;2.6654362;5.2422819;0.2907718;0.1951342;4.9478188;0.2459732;1.5597315;0.3068792;0.3671141;0.3505034;0.3384228;M;Trisomic-No_aprendizaje
0.6211771;0.8199654;0.3540104;2.194172;2.8897865;0.271206;0.2215811;5.0046163;0.2302366;1.4131564;0.8118869;0.3361223;0.4050779;0.3084247;M;Trisomic-Aprendizaje
0.751167;1.043822;0.3907783;2.8682481;5.1301324;0.2145375;0.1892922;6.0955511;0.2469277;1.9695151;0.8426217;0.3230447;0.3894446;0.2816043;M;Trisomic-Aprendizaje
0.1759645;0.3198644;0.2222367;1.8378519;3.2488269;0.193952;0.141293;4.3527112;0.1509385;0.806048;0.2626434;0.2799791;0.2343587;0.2163712;M;Control-No_aprendizaje
0.2375908;0.3386804;0.3320218;1.8296005;2.6921913;0.2091404;0.1758475;3.4001211;0.1825061;1.3323245;0.2950969;0.2893462;0.2696731;0.2530266;M;Control-No_aprendizaje
0.291498;0.3859649;0.3508772;2.3121265;4.2326971;0.2490842;0.2155388;5.1069983;0.1958743;0.8822055;0.3084635;0.329092;0.3697706;0.2870638;F;Control-No_aprendizaje
0.2572973;0.4145946;0.3086486;1.9232432;2.8132432;0.2759459;0.2245946;4.2632432;0.2345946;1.2072973;0.4075676;0.3732432;0.2924324;0.3932432;M;Control-No_aprendizaje
0.4525961;0.7293097;0.3471871;2.3841706;3.9415733;0.2441874;0.1928683;3.7921937;0.2552704;1.3094808;0.5130707;0.3388748;0.3367064;0.3077942;F;Trisomic-No_aprendizaje
0.3801446;0.6026298;0.3055884;2.2314267;3.6508876;0.2230112;0.1610782;4.4824458;0.199474;1.2575937;0.3857988;0.296121;0.2838922;0.2490467;M;Control-No_aprendizaje
0.4428924;0.7320108;0.2948703;2.133349;3.3245686;0.2246743;0.1724381;4.1442658;0.2381735;1.3032046;0.593849;0.3608405;0.4191807;0.2724498;F;Trisomic-Aprendizaje
0.3659069;0.5528613;0.3862755;2.4738118;4.3472357;0.3537827;0.2327837;6.085354;0.2427255;1.6777401;0.4439864;0.4020369;0.4415616;0.4034918;F;Trisomic-No_aprendizaje
0.3032974;0.4856405;0.3213797;2.6064428;4.6818113;0.2282328;0.1739857;4.2261055;0.208479;1.4338246;0.3326242;0.3200122;0.3345996;0.2771615;F;Control-No_aprendizaje
0.4274166;0.7232267;0.4328929;2.9396732;5.3849096;0.2344402;0.169854;3.5415508;0.2389604;1.5752782;0.5219054;0.3281467;0.4120306;0.2946801;F;Control-Aprendizaje
0.3306573;0.5564476;0.2877572;2.3268941;3.1021074;0.286001;0.2034621;4.5316106;0.2320622;1.7167587;0.4031611;0.3612644;0.2812343;0.3266433;M;Trisomic-No_aprendizaje
0.2484504;0.3682851;0.2760847;2.0036157;2.517562;0.2040289;0.1668388;2.2629132;0.1763946;1.1361054;0.293905;0.2360537;0.2399277;0.2290806;F;Control-No_aprendizaje
0.1633245;0.3324538;0.2551451;1.901847;2.4459103;0.5390501;0.176781;2.7313984;0.2435356;1.0050132;0.1609499;0.3023747;0.255409;0.3060686;F;Trisomic-No_aprendizaje
0.2906874;0.5253578;0.345114;2.6253755;4.2040997;0.2731931;0.224598;5.3175473;0.2627673;1.3233787;0.3845202;0.3576604;0.323202;0.3134829;M;Control-No_aprendizaje
0.2326403;0.4232848;0.2846154;2.175052;3.4016632;0.2659044;0.216632;2.7733888;0.1970894;1.1885655;0.3024948;0.2931393;0.2523909;0.275052;F;Control-No_aprendizaje
0.3164115;0.4424101;0.3112517;2.3670107;4.6890812;0.2185419;0.1769308;5.2638149;0.1980692;1.6258322;0.3823236;0.3293941;0.3215712;0.248502;M;Control-No_aprendizaje
0.294368;0.5118899;0.3301627;2.8946183;4.8765957;0.2236546;0.1718398;3.3310388;0.2286608;1.1928661;0.3322904;0.3260325;0.3262829;0.2694618;F;Control-No_aprendizaje
0.3283138;0.5004648;0.3632645;2.4093698;3.7969883;0.2262502;0.1870236;5.3309165;0.2031976;1.2375906;0.323852;0.3022867;0.350251;0.27124;F;Trisomic-No_aprendizaje
0.5509702;0.5613556;0.3208527;2.1978683;3.5588959;0.2377699;0.1945887;1.7838207;0.1781908;1.8313747;0.7119432;0.3342443;0.3566548;0.2691992;M;Control-Aprendizaje
0.3665113;0.5132779;0.3277924;2.0725725;3.6610582;0.229475;0.1937969;1.7245084;0.1852828;1.3186702;0.4611798;0.2902899;0.3794851;0.2712345;M;Control-Aprendizaje
2.5163674;2.4190049;0.4437897;3.0751029;5.8675645;0.187804;0.1752712;2.1044706;0.2260569;4.6878975;3.5666854;0.3007856;0.3497942;0.2710438;F;Control-Aprendizaje
0.3069389;0.4375912;0.3027714;2.3746614;3.5957491;0.2733903;0.1889977;4.6115857;0.2279642;1.308606;0.3048552;0.3281934;0.2913107;0.2971452;M;Control-No_aprendizaje
0.2491921;0.3974865;0.267684;1.9669659;3.2655296;0.2267504;0.208079;4.897307;0.2170557;1.1766607;0.3475763;0.3558348;0.3021544;0.2868941;M;Control-No_aprendizaje
0.2736642;0.4769304;0.3293166;2.2222927;3.2652608;0.2383066;0.1832884;3.5516093;0.2457587;1.0367845;0.2490883;0.3064849;0.3012526;0.2725543;F;Trisomic-No_aprendizaje
0.9288968;1.0616954;0.3111507;2.4489008;4.0014854;0.1752822;0.1469598;2.5422856;0.1990493;2.1695385;1.244999;0.2322242;0.2898594;0.2217271;M;Trisomic-Aprendizaje
0.170634;0.2863181;0.2424917;1.5842047;2.1888765;0.1895439;0.1586207;2.3038932;0.1708565;0.916129;0.2315907;0.2206897;0.2246941;0.2195773;F;Control-No_aprendizaje
0.4235257;0.6683284;0.374947;2.8464149;5.4497242;0.2588036;0.1852991;6.1939966;0.2564701;1.4911964;0.4573611;0.352885;0.3743106;0.3178829;F;Trisomic-No_aprendizaje
0.2389637;0.4335751;0.3034197;2.3695337;3.3552332;0.264456;0.1832124;4.5966839;0.2370984;1.3056995;0.3137824;0.3340933;0.2882902;0.3007254;M;Control-No_aprendizaje
0.2804469;0.4577813;0.2633679;2.0788508;3.51668;0.211652;0.1715882;5.3064645;0.184996;1.2269753;0.3492418;0.3320032;0.2766161;0.2689545;M;Control-No_aprendizaje
0.2771069;0.5148682;0.320348;2.3657967;3.3712505;0.2347747;0.1873783;3.7095182;0.2450331;1.0675237;0.2580184;0.3043761;0.3000909;0.2691858;F;Trisomic-No_aprendizaje
0.2680518;0.4627895;0.3843665;2.4782016;4.9414169;0.2327997;0.1826465;5.446611;0.2116826;1.2220708;0.29547;0.3011751;0.3472411;0.26703;F;Control-No_aprendizaje
0.2552562;0.5183968;0.2966491;2.2419514;3.4324901;0.2496715;0.1782194;3.7606767;0.2322602;1.0857424;0.2851511;0.3203022;0.271025;0.2775953;M;Trisomic-No_aprendizaje
0.3710692;0.514544;0.3040487;2.3044418;4.0023585;0.2183569;0.1717767;2.1719733;0.2108884;1.2358491;0.5330189;0.3105346;0.2895047;0.2456761;M;Control-Aprendizaje
0.4509904;0.7146606;0.3838666;2.5981039;4.3964788;0.2679025;0.1853733;5.4151854;0.2835619;1.3376502;0.4812934;0.3743863;0.4106992;0.3376502;F;Trisomic-No_aprendizaje
0.3298292;0.5730618;0.3346912;2.5483574;3.8082786;0.2290407;0.1816032;3.299343;0.2289093;1.1930355;0.329435;0.3137976;0.2854139;0.2696452;F;Trisomic-No_aprendizaje
0.3874514;0.6345355;0.3237699;2.4405416;5.2933369;0.2342137;0.1733476;5.2238906;0.2252313;1.327926;0.3847701;0.3226974;0.3298029;0.2847567;M;Trisomic-No_aprendizaje
0.3534736;0.5495587;0.3083277;2.4265671;3.8170401;0.1981217;0.1545599;3.6063589;0.1971034;1.1999321;0.4392396;0.2809459;0.3572075;0.2283322;M;Control-Aprendizaje
0.390873;0.5125661;0.2962963;2.1124339;3.4814815;0.2847222;0.1987434;3.5886243;0.2668651;1.4702381;0.5383598;0.3082011;0.3409392;0.3875661;F;Control-Aprendizaje
0.8424522;1.1455504;0.3244562;2.2801582;3.7774555;0.1897165;0.1609756;2.225445;0.2130521;2.1488464;1.3471325;0.2817403;0.2657877;0.2292683;F;Trisomic-Aprendizaje
0.3176554;0.4630111;0.2843299;1.9815646;3.203498;0.2273694;0.2006618;1.9123139;0.19948;1.1576459;0.4819192;0.3129284;0.2684944;0.2252423;M;Control-Aprendizaje
0.3641539;0.4994111;0.3551237;2.0068708;3.4666274;0.2163329;0.2043581;1.6725559;0.1902238;1.1660777;0.4471928;0.2771889;0.3614056;0.2644287;M;Control-Aprendizaje
0.6443459;0.9671791;0.4700556;3.073847;5.927379;0.2051306;0.1825898;1.7835518;0.2587947;2.1478827;1.0258417;0.3616901;0.3683863;0.2595492;M;Control-Aprendizaje
0.369858;0.6813559;0.2983967;2.3096656;3.6792487;0.2120934;0.1577645;3.3749885;0.2268438;1.1283555;0.3549244;0.2976638;0.2746679;0.254787;F;Trisomic-No_aprendizaje
0.4544211;0.685278;0.3603008;2.3928897;4.5;0.2787147;0.2087511;2.586144;0.2206016;1.6118961;0.7310848;0.353464;0.347083;0.2832726;M;Control-Aprendizaje
0.8885638;1.0714096;0.29375;2.0454787;3.7829787;0.175133;0.150133;2.1446809;0.1928191;1.9932181;1.3589096;0.2630319;0.2365691;0.20625;M;Trisomic-Aprendizaje
0.4894204;0.649494;0.2581417;1.9466421;3.2320147;0.2018399;0.1431463;1.5876725;0.1650414;1.5930083;0.6404784;0.2327507;0.2448942;0.1922723;F;Trisomic-Aprendizaje
0.3600464;0.6400364;0.3548307;2.6994784;4.4029307;0.2106963;0.171703;2.9015647;0.2272539;1.1649143;0.6811822;0.3307393;0.3759417;0.2709661;F;Control-Aprendizaje
0.4408794;0.5395128;0.2634185;1.8968113;2.4589028;0.2083581;0.1630026;1.7716379;0.1873638;1.2144979;0.483066;0.2297485;0.285205;0.2430184;M;Trisomic-Aprendizaje
0.356012;0.5851106;0.3136203;2.5450739;3.7944524;0.2211174;0.1765014;3.2323695;0.2311919;1.1564831;0.3342928;0.3078634;0.2894152;0.2881068;F;Trisomic-No_aprendizaje
0.4193448;0.6436889;0.2906381;2.266884;3.7244217;0.1968638;0.1397299;2.6578171;0.2068002;1.2398696;0.4590902;0.2892408;0.3004192;0.2487191;F;Trisomic-Aprendizaje
0.4080653;0.6077772;0.3082093;2.0969755;3.5679309;0.293807;0.2078733;2.599856;0.2016323;1.5856937;0.5816131;0.3538166;0.3134902;0.3038886;F;Trisomic-Aprendizaje
0.3050805;0.4780926;0.2816128;2.1487954;3.2581451;0.1953564;0.1542879;2.3699913;0.1942329;0.9901386;0.5016852;0.2839845;0.3206841;0.2253152;F;Control-Aprendizaje
0.2599526;0.4650474;0.2629147;1.9599526;3.186019;0.2021327;0.1657583;2.2521327;0.175;0.8901659;0.4680095;0.288981;0.2886256;0.2299763;F;Control-Aprendizaje
0.2876201;0.4028815;0.361793;2.0498933;2.7497332;0.2740128;0.1966382;3.8273746;0.1867663;1.2854856;0.346318;0.3148346;0.3215048;0.2713447;F;Trisomic-No_aprendizaje
0.270646;0.45754;0.2540591;1.9587665;3.1693727;0.1803528;0.1412218;2.1920336;0.1672702;0.8781684;0.4832379;0.2648055;0.2978624;0.2002103;F;Control-Aprendizaje
0.4940533;0.6661654;0.3119617;2.4397813;4.256596;0.2255639;0.1574846;3.7282297;0.1900205;1.3090909;0.7194805;0.2961039;0.3347915;0.2328093;M;Control-Aprendizaje
0.226575;0.3519348;0.2392069;1.7121842;2.9056604;0.2163415;0.1664535;4.4198913;0.1883595;1.0353374;0.332747;0.3118004;0.2599936;0.2599936;M;Control-No_aprendizaje
0.2099515;0.4335558;0.2979369;2.4751214;3.4493325;0.2748786;0.2063107;2.5418689;0.2445388;1.5194175;0.2921723;0.345267;0.2818568;0.3264563;F;Control-No_aprendizaje
0.298369;0.5105492;0.3420619;2.6378872;4.5063594;0.2319318;0.2127787;3.4307946;0.2352237;1.2672452;0.3543319;0.3113871;0.3006135;0.2822086;F;Control-No_aprendizaje
0.3210715;0.5046218;0.2656103;1.8971892;2.8947368;0.2001509;0.1660064;3.5864931;0.1678929;1.161479;0.3429542;0.2671194;0.2578759;0.2303339;M;Control-No_aprendizaje
0.3022788;0.6231568;0.3450067;2.6298592;4.5931635;0.2838472;0.1982239;4.782004;0.2545241;1.3248995;0.30563;0.3572386;0.3275804;0.3202078;M;Trisomic-No_aprendizaje
0.178447;0.2640852;0.2300758;1.4402786;2.0141364;0.1852079;0.1509936;2.1110428;0.1425937;0.8705183;0.2056956;0.2104077;0.2056956;0.2046712;F;Control-No_aprendizaje
0.2881208;0.4635492;0.2905896;2.1488527;3.8806274;0.2335173;0.1915481;5.3492594;0.2140575;1.2131862;0.4083648;0.3589893;0.2860877;0.3099042;M;Control-No_aprendizaje
0.4349402;0.6174298;0.3588022;2.3657849;4.7186787;0.2131059;0.173627;2.1340137;0.1921579;1.5042299;0.5509601;0.2869612;0.3635021;0.2779643;M;Control-Aprendizaje
0.3826496;0.5969514;0.3389375;2.4882313;4.260928;0.2512889;0.2078009;2.6720466;0.2046626;1.3030711;0.599193;0.3279534;0.3171935;0.2723605;M;Control-Aprendizaje
0.3808274;0.4992936;0.3624622;2.0962664;3.5985873;0.2276488;0.1880928;1.7178607;0.1880928;1.414329;0.4554995;0.3241171;0.3683148;0.2837538;M;Control-Aprendizaje
0.6276344;0.7807707;0.3317122;2.2999127;3.9908966;0.2114977;0.1617409;2.5809951;0.2083801;1.3914453;0.6243921;0.2972939;0.3252276;0.2802095;F;Trisomic-Aprendizaje
0.3449493;0.5741803;0.3509778;2.414939;4.3839141;0.2401117;0.1815909;2.9591237;0.2067343;1.3502426;0.4197912;0.3108366;0.3786208;0.2864285;F;Control-Aprendizaje
0.713212;1.0775316;0.415447;3.046875;5.5469739;0.2186511;0.1963014;6.3277294;0.2476266;2.0500396;0.9731013;0.3423655;0.4049644;0.2974684;M;Trisomic-Aprendizaje
0.3357143;0.5197279;0.3659864;2.5653061;3.457483;0.3265306;0.2517007;5.1013605;0.2510204;1.5452381;0.4602041;0.4013605;0.377551;0.3561224;M;Control-No_aprendizaje
0.3184702;0.4332041;0.2849841;1.9497709;3.1436376;0.2650687;0.1917519;4.6891082;0.2120197;1.1767712;0.4037716;0.3454353;0.2798731;0.3027846;M;Control-No_aprendizaje
0.3312413;0.4802999;0.3115411;2.0116806;3.2339609;0.2160042;0.195258;2.3483264;0.1734658;1.0951883;0.3915621;0.2751046;0.3298466;0.2482566;F;Control-Aprendizaje
0.3519553;0.60415;0.3785581;2.4573025;3.8100559;0.3163075;0.2293163;4.4240489;0.2484703;1.4426709;0.3429103;0.3625964;0.3367917;0.3455706;M;Trisomic-No_aprendizaje
0.5085898;0.7356995;0.3843685;2.5454031;5.1010006;0.2571267;0.2010572;2.7468378;0.2084199;1.7711912;0.781952;0.3520861;0.3518973;0.28771;M;Control-Aprendizaje
0.8188235;0.9942857;0.2907563;2.1203361;3.6852101;0.2026891;0.1554622;2.3433613;0.2089076;1.9677311;1.1847059;0.2702521;0.2665546;0.22;F;Trisomic-Aprendizaje
0.6369178;0.9027027;0.4012651;3.0833813;7.1207591;0.2017251;0.1713629;2.4248419;0.2166763;2.0006901;1.0381829;0.3534215;0.3346751;0.252789;F;Control-Aprendizaje
0.3445351;0.5524084;0.3170107;2.3555769;4.0243239;0.2321972;0.1822692;4.893743;0.218915;1.2365178;0.3891823;0.3141303;0.3320531;0.2821251;F;Trisomic-No_aprendizaje
0.4037424;0.640762;0.3619353;2.7326365;5.7872556;0.2432569;0.1650371;2.7545516;0.1908294;1.6940324;0.6303102;0.3589009;0.3433918;0.2806811;M;Control-Aprendizaje
0.2551221;0.3985422;0.2689125;2.0695429;2.712766;0.1849882;0.1591805;2.5522065;0.1814421;1.39145;0.3039795;0.2466509;0.2476359;0.2261623;F;Control-No_aprendizaje
0.4181604;0.5238208;0.2514151;1.5648585;2.3195755;0.2247642;0.1884434;2.2070755;0.2033019;1.2113208;0.6165094;0.2764151;0.2389151;0.2367925;M;Trisomic-Aprendizaje
0.3314672;0.4921857;0.3170049;2.2334966;3.4124096;0.2883135;0.2017728;4.2890133;0.218801;1.2866807;0.3774201;0.3228365;0.3351994;0.3060415;F;Trisomic-No_aprendizaje
0.6053803;0.87575;0.312754;2.1846332;3.676795;0.2252758;0.1890846;2.1546352;0.213083;1.7797561;0.7795626;0.2754016;0.323592;0.2663054;M;Trisomic-Aprendizaje
0.3670351;0.569896;0.3073797;2.270156;4.4483095;0.2090377;0.1693758;2.085013;0.2039987;1.3054291;0.6778283;0.3195709;0.2738947;0.2322822;M;Control-Aprendizaje
0.1898031;0.3324333;0.2201398;1.7927255;3.0250953;0.1994917;0.1470775;4.0878335;0.146601;0.9363088;0.2752541;0.2836722;0.239676;0.2220457;M;Control-No_aprendizaje
0.6943707;0.9189831;0.3109373;2.2927783;3.5060763;0.2595335;0.1620338;5.385389;0.2043582;1.5053778;0.8245565;0.2959911;0.3951669;0.2395586;M;Trisomic-Aprendizaje
0.2274182;0.4440069;0.3101157;2.0930347;2.8825991;0.2739355;0.2035442;3.3125769;0.256953;1.2109279;0.2562146;0.3138075;0.2818115;0.2914103;M;Trisomic-No_aprendizaje
0.2523858;0.4024372;0.3469388;2.2929085;4.5420643;0.2246366;0.1782411;5.3036265;0.1967406;1.1023345;0.304067;0.3081779;0.3478197;0.270298;F;Control-No_aprendizaje
0.3113095;0.5175595;0.3300595;2.2511905;3.08125;0.2979167;0.2380952;2.5866071;0.246131;1.4127976;0.4681548;0.34375;0.2880952;0.3327381;F;Control-No_aprendizaje
0.2309765;0.4235891;0.2544388;1.8688966;2.4472099;0.2097337;0.1507609;2.184052;0.1873811;0.9497464;0.2385859;0.2653773;0.2247939;0.2457197;F;Trisomic-No_aprendizaje
0.5466465;0.6790217;0.3237519;2.2884518;3.1701967;0.2818961;0.2082703;3.0758951;0.2251639;1.4715078;0.6603631;0.3451841;0.3706505;0.309884;M;Control-Aprendizaje
0.2862377;0.5190214;0.300679;1.817545;2.7630133;0.2075655;0.1528182;2.9039767;0.2044401;0.8669038;0.2710421;0.2648992;0.255631;0.2726587;F;Trisomic-No_aprendizaje
0.4466047;0.5556495;0.3369963;2.2679628;3.7943083;0.2826148;0.1994928;3.9783037;0.2637363;1.509721;0.645534;0.3347422;0.3130459;0.3384052;F;Control-Aprendizaje
0.3255091;0.5590841;0.2917961;2.4593257;4.8114141;0.2165459;0.1671844;6.3068692;0.2013577;1.2508342;0.3951214;0.362674;0.3047981;0.3030721;M;Control-No_aprendizaje
0.2610845;0.4409084;0.216283;1.6190329;2.1949637;0.1855399;0.1612853;2.0913023;0.1543334;0.8068902;0.293218;0.2277151;0.2176734;0.1994438;F;Trisomic-No_aprendizaje
0.2908149;0.5130826;0.3371491;2.5863996;4.2146361;0.2589261;0.1946034;5.3186154;0.2491142;1.2570183;0.3702644;0.3438267;0.3133006;0.2959935;M;Control-No_aprendizaje
0.3026257;0.4610592;0.2565643;2.0927904;2.594348;0.2510013;0.1918113;2.3618158;0.2236315;1.0640854;0.276146;0.293725;0.2754784;0.3157543;F;Trisomic-No_aprendizaje
0.4358622;0.7187321;0.2885914;2.0355876;3.275432;0.1780524;0.1429225;2.5886257;0.2143266;1.2741732;0.4955945;0.2462524;0.2955716;0.2123813;F;Trisomic-Aprendizaje
0.2698435;0.4741476;0.3070151;2.3040805;3.7722191;0.2295975;0.1745388;4.2861934;0.2017887;1.4232812;0.3381778;0.3454444;0.3021241;0.2789268;M;Control-No_aprendizaje
0.2460606;0.3965657;0.269697;2.1381818;2.8262626;0.1868687;0.1557576;2.6121212;0.1856566;1.9531313;0.2967677;0.260202;0.2551515;0.2276768;F;Control-No_aprendizaje
0.2528509;0.529386;0.3574561;2.4785088;4.535307;0.3109649;0.2596491;3.7991228;0.2546053;1.5076754;0.3221491;0.3975877;0.3480263;0.3576754;M;Trisomic-No_aprendizaje
0.6773592;0.770235;0.3563969;2.5632227;4.9751958;0.2280865;0.1864976;2.2590451;0.1909735;2.1678478;0.9776203;0.3582618;0.3769116;0.2648266;M;Control-Aprendizaje
0.4475064;0.6281758;0.3673881;2.385939;4.8076354;0.2185778;0.1762334;2.1412824;0.1951875;1.4423982;0.5663396;0.2898239;0.363893;0.2668369;M;Control-Aprendizaje
0.2448175;0.4051095;0.26;2.0748905;3.6554745;0.2205839;0.1729927;5.1491971;0.2226277;1.1840876;0.339854;0.3560584;0.2792701;0.2816058;M;Control-No_aprendizaje
0.2945841;0.529779;0.3070693;2.3374388;4.0845284;0.2434621;0.1936899;3.3151679;0.2424498;1.4258478;0.3195546;0.3408132;0.3165176;0.2947528;M;Trisomic-No_aprendizaje
0.420542;0.6229508;0.3427568;2.6351623;5.3079625;0.2288391;0.1743058;2.7243225;0.1835062;1.4364336;0.6438608;0.3225159;0.3161593;0.2567748;M;Control-Aprendizaje
0.5269699;0.8688705;0.3525533;2.6935238;4.0751606;0.2390937;0.1752621;4.6105851;0.2796753;1.4718465;0.7629354;0.3723368;0.4447075;0.3085052;F;Trisomic-Aprendizaje
0.3773946;0.48659;0.2531472;1.5547345;2.1412151;0.2238643;0.195676;2.0640394;0.1984127;1.1694034;0.5429666;0.2873563;0.2506842;0.2463054;M;Trisomic-Aprendizaje
0.5208547;0.6870762;0.3515513;2.5564002;3.7162523;0.1651942;0.098007;2.632217;0.2288884;1.5218821;0.5878365;0.0817752;0.4127799;0.1619067;F;Control-Aprendizaje
0.3840909;0.5590909;0.3220779;2.1654221;3.7202922;0.075487;0.0646104;2.4803571;0.1775974;1.3035714;0.4803571;0.0521104;0.3814935;0.0568182;F;Control-Aprendizaje
0.4879694;0.6597201;0.3608175;2.4802175;4.4742777;0.1644015;0.1312796;2.8512031;0.1968187;1.3347428;0.5720326;0.1916843;0.4023961;0.2096043;F;Control-Aprendizaje
0.2847274;0.440006;0.2779697;2.1109776;3.6036942;0.1624869;0.1274966;2.7184262;0.148671;0.8711518;0.4455624;0.2336687;0.3135606;0.1654903;F;Control-Aprendizaje
0.2352622;0.4113924;0.2034358;1.484991;1.944123;0.1654611;0.1359855;1.7066908;0.1571429;0.782821;0.2815552;0.215009;0.2117541;0.1963834;F;Trisomic-No_aprendizaje
0.324269;0.5625731;0.3663743;3.0133041;5.3782164;0.2668129;0.2087719;4.1074561;0.2431287;1.2975146;0.4040936;0.3669591;0.3239766;0.3146199;F;Control-No_aprendizaje
0.4160619;0.5984519;0.3442993;2.4771811;4.5955491;0.2396388;0.1869053;3.9325915;0.2102887;1.2212546;0.6381229;0.3417191;0.3723593;0.2768908;M;Trisomic-Aprendizaje
0.5768145;0.75539;0.3483463;2.6249012;4.7275087;0.2058923;0.161192;3.7785303;0.1941528;1.5054747;0.8191669;0.3115476;0.3858223;0.2415623;M;Control-Aprendizaje
0.6909871;0.9699571;0.3427488;2.6177263;4.6497654;0.165286;0.1457231;1.8143527;0.2102006;1.8394051;1.0086835;0.2682902;0.2829624;0.192634;F;Trisomic-Aprendizaje
0.3126874;0.5131047;0.3615856;2.9376711;5.005607;0.2418829;0.1979398;3.2747425;0.2688747;1.3566306;0.3905333;0.3632807;0.3078628;0.3083844;F;Control-No_aprendizaje
0.3008713;0.4557919;0.2908765;2.3973603;5.0709892;0.214121;0.1652998;5.5343414;0.1860584;1.6085341;0.3789083;0.324449;0.304203;0.2461558;M;Control-No_aprendizaje
0.3752809;0.5849611;0.2477096;1.7804667;2.5917027;0.1735523;0.145376;1.9203112;0.1794296;1.1429559;0.4117545;0.2283492;0.2694901;0.2107174;F;Trisomic-Aprendizaje
0.3678134;0.4783223;0.3463713;2.3569746;3.5614986;0.2521206;0.2264373;4.8685203;0.2042884;1.4036287;0.3301131;0.3202168;0.3451932;0.2867578;F;Trisomic-No_aprendizaje
0.2095826;0.4209289;0.2583774;2.2795414;3.0146972;0.2674897;0.1678424;4.3450911;0.2783657;1.5808348;0.2577895;0.3318636;0.2666079;0.3036449;M;Control-No_aprendizaje
0.5763473;0.8007735;0.2929142;2.2645958;4.1843812;0.1781437;0.1412176;2.0043663;0.1731537;1.7032186;0.7966567;0.2568613;0.2649701;0.2195609;F;Trisomic-Aprendizaje
0.3569996;0.526073;0.3327316;2.3734456;3.8850782;0.2547132;0.2061773;4.7348576;0.2256318;1.5042118;0.410349;0.3431609;0.3531889;0.3034497;F;Trisomic-No_aprendizaje
0.7783338;1.0791182;0.4971599;3.7576413;8.4825534;0.2345145;0.2055721;2.877333;0.2637273;2.8059237;1.2400595;0.3962672;0.401677;0.3118745;F;Control-Aprendizaje
0.3047931;0.5159771;0.3701352;2.4438755;3.9551413;0.2531749;0.2087259;3.1032364;0.2378124;1.4309709;0.3088898;0.3426874;0.3471938;0.3195412;M;Trisomic-No_aprendizaje
0.2594359;0.5111987;0.2781004;2.1648693;3.2936541;0.2617171;0.1978432;3.6005807;0.2395272;1.1895479;0.3038158;0.3170883;0.2870178;0.2942762;M;Trisomic-No_aprendizaje
0.4092769;0.5457026;0.3096862;2.2324693;3.7658936;0.2755798;0.185266;3.8627558;0.2504775;1.5268759;0.6327422;0.3345157;0.3034106;0.3511596;F;Control-Aprendizaje
0.3504438;0.4561945;0.3562331;1.9594751;2.9347742;0.2906214;0.1925897;3.1914319;0.2558858;1.6406793;0.5040525;0.3338479;0.2948668;0.3388653;F;Control-Aprendizaje
0.2997685;0.4609375;0.3663194;2.4484954;3.2387153;0.2581019;0.223669;2.6073495;0.2167245;1.2028356;0.3394097;0.3446181;0.2954282;0.3087384;F;Control-No_aprendizaje
0.3774903;0.5283312;0.3795602;2.6892626;3.9780078;0.2667529;0.2294955;5.4411384;0.2276843;1.6553687;0.393273;0.3529107;0.3997413;0.3285899;F;Trisomic-No_aprendizaje
0.2713089;0.4420688;0.3198498;2.0973707;2.899451;0.2398151;0.2210344;2.257729;0.2077434;1.3597226;0.2741982;0.3163825;0.3158047;0.3120485;M;Trisomic-No_aprendizaje
0.5448436;0.7269988;0.3908459;2.5210892;4.9673233;0.2755504;0.1909618;4.576825;0.2402086;1.5914253;0.7940904;0.3695249;0.4020857;0.302781;F;Control-Aprendizaje
0.2531809;0.3903743;0.2507837;1.8191038;3.0466531;0.149917;0.137009;2.2561313;0.153605;0.8522958;0.3747004;0.1786834;0.303522;0.1512078;F;Control-Aprendizaje
0.4780543;0.8075242;0.3873266;2.6080182;4.366996;0.2410222;0.1897207;4.0805624;0.2513775;1.3374501;0.531731;0.3501805;0.3448603;0.3221547;F;Trisomic-No_aprendizaje
0.287307;0.4576901;0.264008;2.0038593;3.1037736;0.1851058;0.1439394;3.0600343;0.1590909;0.9978559;0.371498;0.254717;0.310749;0.2084048;M;Control-Aprendizaje
0.1453265;0.2453585;0.1859795;1.4033291;2.2909731;0.1646927;0.1227593;3.0857875;0.1274008;0.856114;0.2119078;0.2298335;0.1963828;0.1819782;M;Control-No_aprendizaje
0.3423564;0.5322298;0.2761441;1.9674781;3.0833496;0.2192795;0.1721519;3.806037;0.1735151;1.1970789;0.3507303;0.2741967;0.2695229;0.2342746;M;Control-No_aprendizaje
0.3755356;0.5675886;0.3334632;2.6329048;4.3469679;0.2219192;0.1838722;3.4128035;0.2147773;1.307103;0.4424101;0.321257;0.2834697;0.2935982;F;Control-No_aprendizaje
0.3831814;0.5600663;0.3131732;2.435377;4.2584921;0.2386081;0.1822701;2.3005385;0.2023612;1.2537283;0.5598592;0.3349213;0.2988815;0.2856255;M;Control-Aprendizaje
0.9382445;1.077099;0.3661489;2.7036119;4.4842276;0.197465;0.1699228;2.2899076;0.2492138;2.1495283;1.0729057;0.2767559;0.3333651;0.2597922;M;Trisomic-Aprendizaje
0.2931267;0.4728212;0.3128931;2.4669811;3.7807727;0.2443845;0.1963163;2.8068284;0.2131626;1.1156783;0.3261456;0.3272686;0.2778527;0.2742588;F;Control-No_aprendizaje
0.45218;0.7932489;0.3379044;2.4524144;4.0134787;0.2112049;0.1630333;2.2448429;0.2068683;1.4057665;0.5744257;0.3259494;0.3280591;0.2839897;F;Trisomic-Aprendizaje
0.6297693;0.7417924;0.2353594;1.7950311;2.7728483;0.1878882;0.1861136;1.9582964;0.1783496;1.4636202;0.9676131;0.2624224;0.2320319;0.215173;M;Trisomic-Aprendizaje
0.2830777;0.4758381;0.4081669;2.6434558;5.1500535;0.2224501;0.163873;5.7039051;0.2106812;1.2152282;0.3046541;0.3111626;0.3541369;0.2832561;F;Control-No_aprendizaje
0.3465937;0.5514669;0.3903531;2.4450522;4.2362009;0.3436101;0.2292392;6.0233715;0.2406763;1.6740428;0.4196917;0.3975634;0.426902;0.3935853;F;Trisomic-No_aprendizaje
0.6190731;0.840107;0.3187166;2.1326203;3.7044563;0.2324421;0.1891266;2.2360071;0.2040998;1.5823529;0.7146168;0.2795009;0.3210339;0.2746881;M;Trisomic-Aprendizaje
0.3565135;0.5243864;0.3167086;2.1777848;4.5827565;0.2216803;0.1725928;3.844399;0.1757395;1.3318125;0.5973883;0.3421964;0.2940529;0.2482694;M;Control-Aprendizaje
0.5903337;0.7911392;0.3319908;2.1749137;3.023878;0.2816456;0.2235328;4.9346951;0.2333142;1.485328;0.7733026;0.3317031;0.4174338;0.2960299;M;Trisomic-Aprendizaje
0.8380533;1.0063239;0.3649528;2.6030611;4.2076803;0.2025479;0.1640546;2.2226194;0.2307763;2.0993493;1.0627807;0.2536889;0.3206855;0.243974;M;Trisomic-Aprendizaje
0.33931;0.5213257;0.343385;2.5509372;3.4371095;0.271937;0.2203206;5.1975007;0.2393371;1.4998642;0.4330345;0.3797881;0.3219234;0.3200217;M;Control-No_aprendizaje
0.2995335;0.5421066;0.29315;2.4905475;3.4372698;0.2712988;0.216057;5.3940584;0.2275964;1.3552664;0.3223668;0.350356;0.298797;0.2941321;M;Trisomic-No_aprendizaje
0.3445499;0.53782;0.3247052;2.0569456;3.1484038;0.2945068;0.2113891;3.9482312;0.2329594;1.3014093;0.394593;0.3445499;0.3528904;0.3356342;M;Trisomic-No_aprendizaje
0.2748806;0.522492;0.2929936;2.6037022;4.3324045;0.2675159;0.2022293;5.8775876;0.2173567;1.2708997;0.3206608;0.3610669;0.3007564;0.3021497;M;Trisomic-No_aprendizaje
0.4086475;0.5678882;0.3577643;2.0234643;3.5607698;0.3163723;0.2269971;3.7020828;0.2309518;1.7550751;0.6535724;0.3725283;0.3862378;0.3564461;F;Control-Aprendizaje
0.344772;0.5412252;0.2683095;1.7876555;2.835099;0.2095808;0.1559189;3.6342699;0.1623676;1.4479503;0.3802395;0.2733763;0.2538001;0.2643943;M;Trisomic-No_aprendizaje
0.7962074;1.0523284;0.381541;2.5967355;4.6521843;0.2306769;0.1725876;2.5368459;0.2203553;2.006121;1.0835334;0.2986078;0.3613778;0.287206;M;Trisomic-Aprendizaje
0.315139;0.4832647;0.3262101;2.4250772;3.6519053;0.2754892;0.2453656;4.9878991;0.2209063;1.4026777;0.4225026;0.3581359;0.3043254;0.2917096;M;Control-No_aprendizaje
0.6431662;0.9075009;0.3159034;2.3175261;3.4150739;0.2392715;0.1848179;5.5227191;0.2133069;1.6177425;0.797692;0.3106744;0.4082221;0.2659574;M;Trisomic-Aprendizaje
0.2893428;0.5820896;0.3498298;2.3987955;3.7868552;0.3207646;0.2228332;4.3257397;0.2343545;1.4192197;0.3246923;0.3857031;0.3307148;0.3414506;M;Trisomic-No_aprendizaje
0.2578197;0.4668813;0.2982981;2.0158694;3.0393284;0.2359706;0.2076817;2.7881785;0.2582797;1.2959982;0.3051978;0.324747;0.2978381;0.2803588;M;Trisomic-No_aprendizaje
0.2676983;0.4814313;0.3110251;2.6460348;3.9603482;0.2479691;0.1943907;3.1096712;0.2286267;1.2017408;0.3261122;0.3290135;0.2889749;0.2808511;F;Control-No_aprendizaje
0.3088908;0.5616066;0.3583476;3.0388794;5.5769011;0.2630074;0.2059748;4.1080618;0.2412807;1.2838765;0.373928;0.3673528;0.3297599;0.3220412;F;Control-No_aprendizaje
0.3851905;0.6067402;0.3761718;2.584431;4.7869942;0.2408924;0.1698113;3.2308057;0.1905779;1.4579328;0.4277916;0.3201614;0.3847158;0.2893082;F;Control-Aprendizaje
0.4066865;0.5830089;0.3297458;2.2450195;3.4911839;0.2573849;0.2021983;3.4227158;0.2198305;1.1408289;0.582551;0.3439432;0.3654683;0.2937944;M;Trisomic-Aprendizaje
0.5036439;0.7471932;0.4301753;2.8163285;5.9901517;0.21883;0.1775655;2.3737443;0.2322238;1.7509356;0.6879062;0.3063817;0.4026984;0.2969273;M;Control-Aprendizaje
0.842681;1.0518099;0.3395983;2.3345267;4.2959427;0.1718377;0.1483691;1.8530231;0.2059467;2.1622912;1.3817621;0.2669053;0.2700875;0.2143994;F;Trisomic-Aprendizaje
0.2713568;0.3964051;0.3562041;2.3527252;4.2118284;0.2549285;0.1863162;5.2866254;0.2048705;1.0407808;0.3057596;0.3405489;0.3964051;0.2928102;F;Control-No_aprendizaje
0.5242188;0.7001302;0.2576823;1.9540365;3.2813802;0.1949219;0.1548177;2.53125;0.1977865;1.5397135;0.7686198;0.2645833;0.2457031;0.2151042;M;Trisomic-Aprendizaje
0.5898554;0.8038439;0.3762631;2.9869229;5.8074103;0.2332078;0.1923915;2.7404399;0.2080444;2.2223103;0.8840896;0.3451555;0.3516941;0.273826;F;Control-Aprendizaje
0.4811119;0.6654787;0.3608933;2.0971727;3.537895;0.2456641;0.2076503;5.7205987;0.2173913;1.4806367;0.5968163;0.3273937;0.3991447;0.3110002;M;Trisomic-Aprendizaje
0.382976;0.5886076;0.3076724;2.7712477;5.1165074;0.245673;0.1773444;6.2680186;0.2129941;1.3025058;0.3310514;0.3483596;0.2963059;0.2894601;M;Trisomic-No_aprendizaje
0.2893549;0.4390762;0.3387311;2.0525617;2.884789;0.2909477;0.2152907;3.6262278;0.216618;1.3305017;0.343244;0.3469604;0.3206796;0.3668702;M;Control-No_aprendizaje
0.2894157;0.4800165;0.2858324;2.199559;4.06629;0.206312;0.1735116;5.7730154;0.1926681;1.2377343;0.3896086;0.3661797;0.2899669;0.2732911;M;Control-No_aprendizaje
0.4924033;0.6583794;0.3393186;2.4468232;4.6130295;0.2732505;0.2186924;4.1841621;0.2612799;1.5402855;0.7359576;0.3554328;0.3360958;0.3308011;F;Control-Aprendizaje
0.4513089;0.6477487;0.3794764;2.0573822;3.8347644;0.2948691;0.2077487;3.8668063;0.2228272;1.624712;0.7294241;0.3532984;0.3815707;0.3202094;F;Control-Aprendizaje
0.3821487;0.5957925;0.3991013;2.5275735;4.6294935;0.3178105;0.2132353;6.219567;0.2326389;1.4955065;0.4360703;0.3933824;0.4377042;0.3656046;F;Trisomic-No_aprendizaje
0.2517028;0.376161;0.3074303;1.9204334;2.4938081;0.2393189;0.1975232;1.8693498;0.1925697;1.3201238;0.2739938;0.2743034;0.3018576;0.2842105;M;Trisomic-No_aprendizaje
0.2730253;0.3845007;0.3016393;1.885842;2.8682563;0.2923994;0.2360656;4.4676602;0.2611028;1.3591654;0.3752608;0.3776453;0.3174367;0.3260805;M;Control-No_aprendizaje
0.3171572;0.5854989;0.3194544;2.5217516;4.6501077;0.2383345;0.1913855;3.7105528;0.250682;1.4356066;0.3470208;0.3626705;0.3339555;0.2993539;M;Trisomic-No_aprendizaje
0.247678;0.4629394;0.3039519;2.2873793;3.7118922;0.2442178;0.1954107;4.4243307;0.2292843;1.3106902;0.3157895;0.3600437;0.3065015;0.2981242;M;Control-No_aprendizaje
0.2561089;0.4554593;0.303124;2.2132694;3.1484689;0.2369316;0.1858955;3.4795855;0.2290442;1.0122178;0.2390968;0.3014228;0.2963192;0.2615218;F;Trisomic-No_aprendizaje
0.3953575;0.5763135;0.3425683;2.3560464;5.3262199;0.207413;0.168601;3.5115437;0.1815799;1.4161987;0.6632971;0.3383252;0.2983901;0.2427306;M;Control-Aprendizaje
0.3425116;0.5187854;0.3165208;2.4078744;3.5460628;0.2745754;0.2202779;2.7606794;0.2359753;1.4559959;0.4436439;0.3607823;0.3144622;0.3327329;F;Control-No_aprendizaje
0.5638068;0.8004686;0.3381399;2.3102019;3.6425739;0.2530642;0.2016943;4.9798125;0.2072819;1.5717376;0.851478;0.369863;0.342646;0.3357967;M;Control-Aprendizaje
0.3963053;0.5770838;0.3342863;2.485155;4.482296;0.2489554;0.1827579;2.6443809;0.1966132;1.3004179;0.5858808;0.3166923;0.3292281;0.2702881;M;Control-Aprendizaje
0.4257997;0.7040074;0.3004966;2.1299226;3.2776302;0.2286638;0.1702275;4.1908996;0.2379028;1.2346691;0.5856334;0.3428802;0.4216422;0.261693;F;Trisomic-Aprendizaje
0.3930965;0.5063673;0.3039544;2.1692359;3.4175603;0.2922252;0.2081099;3.7007373;0.2691019;1.4782172;0.5593164;0.3290885;0.2979223;0.349866;F;Control-Aprendizaje
0.3279894;0.5576181;0.3635487;2.900675;4.954677;0.2378255;0.1863549;3.7836307;0.2556654;1.3154532;0.378134;0.3256991;0.3138862;0.2900193;F;Control-No_aprendizaje
0.30016;0.51216;0.32032;2.41296;4.0896;0.22848;0.19328;3.09456;0.21232;1.31456;0.3088;0.32544;0.332;0.2896;M;Trisomic-No_aprendizaje
0.4712457;0.6313323;0.2478817;1.8723634;3.1179016;0.1734271;0.1380927;1.5550748;0.1635118;1.4113935;0.6271859;0.235082;0.2332793;0.1905535;F;Trisomic-Aprendizaje
0.246853;0.4380201;0.2933646;2.4860252;4.2871773;0.2890975;0.2073821;3.2568807;0.2415191;1.2137828;0.3125667;0.3270749;0.2912311;0.3055259;F;Control-No_aprendizaje
0.3740193;0.661735;0.362811;2.7919749;4.4770231;0.2229321;0.1776508;3.748599;0.2614885;1.3588881;0.3482403;0.3257117;0.3055369;0.2886124;F;Trisomic-No_aprendizaje
0.7431179;0.8626527;0.3777418;2.7357574;6.0675696;0.219049;0.1853378;2.2774915;0.1944649;2.3795083;1.0815545;0.3553658;0.3836302;0.2994259;M;Control-Aprendizaje
0.3044272;0.4722349;0.3065571;2.4597596;3.5723414;0.189107;0.1586794;3.2158832;0.2247071;1.5385669;0.3353111;0.272174;0.2516355;0.2415944;F;Control-No_aprendizaje
0.3919912;0.5551065;0.2869214;1.9393828;2.8144747;0.3247612;0.2123439;2.3728876;0.2678178;1.6447465;0.5495959;0.356723;0.2792065;0.3357825;F;Trisomic-Aprendizaje
0.1718233;0.2994746;0.2286437;1.6876824;2.7038334;0.1860284;0.1548939;3.7553999;0.1473049;1.024713;0.2770967;0.2770967;0.2372057;0.2245573;M;Control-No_aprendizaje
0.4225762;0.7204522;0.3805242;2.646283;4.3774409;0.2995889;0.1839671;5.4833847;0.3045564;1.2650737;0.4745632;0.3765844;0.400394;0.334875;F;Trisomic-No_aprendizaje
0.5085554;0.6145863;0.22777;1.5096774;2.2042076;0.1786816;0.1492286;1.4591865;0.1556802;1.3744741;0.7475456;0.227209;0.2131837;0.1899018;M;Trisomic-Aprendizaje
0.647732;0.6770703;0.2496879;1.6872659;2.3256346;0.181856;0.1396171;1.5258011;0.150437;1.4332085;0.6916355;0.1951727;0.2382439;0.2014149;M;Trisomic-Aprendizaje
0.2372719;0.4080692;0.2833814;2.13122;3.0057637;0.2478386;0.1727185;3.2787704;0.2368876;1.0172911;0.2284342;0.3108549;0.290682;0.2806916;F;Trisomic-No_aprendizaje
0.3031106;0.5694592;0.3775186;2.5452457;4.8292683;0.2997526;0.2179215;3.9777306;0.2553906;1.4922234;0.3264404;0.3845882;0.3570166;0.3538353;M;Trisomic-No_aprendizaje
0.5251597;0.7866267;0.417844;2.9471647;5.3656861;0.2152119;0.1852139;3.7100832;0.2359203;1.5155796;0.8473969;0.3503967;0.437875;0.2739501;M;Trisomic-Aprendizaje
2.3358022;2.5390242;0.4244977;2.9831497;5.8439033;0.2031293;0.177391;3.0194426;0.2431256;4.8579761;2.9163966;0.296454;0.3688547;0.2784001;F;Control-Aprendizaje
0.5517413;0.7727612;0.3442786;2.4378109;4.5334577;0.2126866;0.1905473;6.4048507;0.2053483;1.6359453;0.6687811;0.3074627;0.3915423;0.2649254;M;Trisomic-Aprendizaje
0.6460649;0.8935133;0.3868224;2.5810841;4.3190066;0.2362214;0.1890451;5.2388297;0.2346337;1.769222;0.9795872;0.3389658;0.3743479;0.2990474;M;Control-Aprendizaje
0.6497813;0.8286964;0.4058618;2.9214348;5.167979;0.2071741;0.1766404;3.728084;0.2392826;1.6665792;0.9694663;0.3212598;0.4065617;0.2552931;M;Control-Aprendizaje
0.2709997;0.5128064;0.3847425;2.5070229;4.2737538;0.3566511;0.2426329;3.8353071;0.2547508;1.6155329;0.3486643;0.4161388;0.3726246;0.4580006;M;Trisomic-No_aprendizaje
0.3663776;0.6423766;0.3448164;2.6887412;4.1727324;0.2096944;0.1646267;2.8442895;0.2396855;1.1405528;0.6505633;0.3290103;0.3683229;0.2571128;F;Control-Aprendizaje
0.3556678;0.5182941;0.3021324;2.385073;3.7062851;0.2161616;0.1518519;3.5241302;0.2017957;1.1888889;0.4555556;0.2845118;0.3554433;0.2289562;M;Control-Aprendizaje
0.2999622;0.4765773;0.2948621;2.2351719;3.5519456;0.2287495;0.1832263;2.6726483;0.1973933;1.2283717;0.3900642;0.3120514;0.2631281;0.2854175;F;Control-No_aprendizaje
0.2548387;0.3709677;0.397491;1.9874552;2.9795699;0.321147;0.2741935;4.5010753;0.2924731;1.4799283;0.3691756;0.402509;0.3752688;0.3584229;M;Control-No_aprendizaje
0.346377;0.5723985;0.3279842;2.6590544;5.3477348;0.2340452;0.1850389;6.9472905;0.2203432;1.5137637;0.4314282;0.3846439;0.3403284;0.3174917;M;Control-No_aprendizaje
0.4765427;0.7583619;0.3038967;2.2428524;4.786621;0.2389889;0.1653604;5.1301468;0.2013467;1.443316;0.5200353;0.3363506;0.2891048;0.2845789;M;Trisomic-No_aprendizaje
0.2828722;0.4096985;0.3176873;2.1156357;2.917936;0.3108486;0.3170656;5.3577868;0.2328256;1.3217283;0.3969537;0.3997513;0.3257694;0.3211066;M;Control-No_aprendizaje
0.6300013;0.8391869;0.3577769;2.6512286;4.261675;0.2531841;0.1852567;3.8166731;0.2049402;1.716583;0.8258073;0.3387367;0.4037051;0.3050302;M;Control-Aprendizaje
0.3915018;0.6243918;0.4041518;2.6239053;5.2152125;0.3045735;0.196724;6.4492378;0.2442426;1.61012;0.4477781;0.3770678;0.4419397;0.3595524;F;Trisomic-No_aprendizaje
0.2729191;0.4265439;0.2637131;1.9581895;3.0947449;0.2126966;0.1781741;4.7825086;0.1793249;1.2029152;0.3709244;0.3214423;0.2612198;0.2700422;M;Control-No_aprendizaje
0.3736209;0.5613371;0.3619299;2.1967726;3.4114935;0.2805862;0.2219661;5.3709863;0.2321752;1.2593446;0.434217;0.3344311;0.3843241;0.2949119;F;Trisomic-No_aprendizaje
0.5112179;0.6572802;0.3223443;2.1966575;3.1556777;0.2435897;0.1945971;2.0210623;0.2266484;1.3672161;0.5748626;0.2628205;0.3369963;0.2989927;M;Trisomic-Aprendizaje
0.6171117;0.6877906;0.2921483;2.1131925;3.393251;0.2370134;0.1760329;4.1082769;0.2328949;1.2210708;0.6023648;0.3603029;0.399628;0.2682344;F;Trisomic-Aprendizaje
0.4861746;0.7818784;0.3228976;2.2883912;4.8115859;0.238574;0.178702;5.3596892;0.2025823;1.4556673;0.5437614;0.3503199;0.294447;0.2962751;M;Trisomic-No_aprendizaje
0.3656049;0.5994989;0.301539;2.0628132;2.952577;0.2485684;0.1988189;3.0694345;0.2267359;1.2204724;0.436471;0.3512885;0.3101288;0.2959914;F;Trisomic-No_aprendizaje
0.6256671;0.6864041;0.2409149;1.6886912;2.5036849;0.192122;0.1756036;1.8073698;0.1918679;1.335197;0.8897078;0.2581957;0.2317662;0.2210928;M;Trisomic-Aprendizaje
0.5682291;0.8120181;0.3934647;2.6067801;5.8081018;0.2182107;0.1799045;2.3123241;0.2091543;1.7336923;0.9069881;0.3372904;0.3356994;0.2506425;M;Control-Aprendizaje
0.3302752;0.5425076;0.2897859;2.0510092;3.1176758;0.24;0.1639144;5.0533333;0.2269113;1.0875841;0.3981651;0.3115596;0.3325994;0.271682;F;Trisomic-No_aprendizaje
0.2874884;0.4824589;0.3106178;2.7061472;4.6699783;0.2239988;0.1735486;3.2499224;0.2236883;1.132878;0.321484;0.3199317;0.2864017;0.2632723;F;Control-No_aprendizaje
0.3627343;0.4898934;0.3204704;2.1111724;3.1661154;0.2289599;0.1787946;2.4996325;0.177692;1.161154;0.4277839;0.2993385;0.3590592;0.2666299;F;Control-Aprendizaje
0.2433097;0.3776942;0.3380587;2.1254159;4.4672356;0.2359323;0.1699696;5.1712715;0.2036742;1.0365977;0.2856936;0.3246058;0.3493418;0.2586431;F;Control-No_aprendizaje
0.4135418;0.7341734;0.308031;2.2447245;3.817823;0.2160316;0.1653256;2.0452406;0.1925004;1.1861242;0.5084257;0.3444664;0.3097009;0.244269;F;Trisomic-Aprendizaje
0.3140435;0.5031419;0.3244191;2.3689902;4.2897852;0.2253398;0.1820839;6.0273272;0.2067807;1.4622242;0.3925179;0.3638755;0.3093672;0.2984071;M;Control-No_aprendizaje
0.4863949;0.6869288;0.3666701;2.556628;4.6661875;0.1862614;0.1203409;2.9208338;0.203409;1.5262347;0.5598111;0.2054626;0.4219119;0.2308245;F;Control-Aprendizaje
0.2293744;0.4309459;0.2958598;2.4421275;3.3493503;0.2813539;0.1961318;2.4847386;0.2508311;1.5621034;0.2438803;0.3762466;0.2753098;0.3847084;F;Control-No_aprendizaje
0.4166556;0.6556335;0.2712829;1.9694161;3.0382629;0.1735734;0.1375612;2.2602939;0.1891963;1.1971402;0.4808685;0.2359327;0.2862439;0.197405;F;Trisomic-Aprendizaje
0.4301075;0.5981973;0.3458254;2.4788109;4.5098039;0.2386148;0.186907;3.8148324;0.1949715;1.2900063;0.5944023;0.3406072;0.3757116;0.2779886;M;Trisomic-Aprendizaje
0.6164807;0.8419742;0.3885837;2.8625751;5.1941631;0.2234335;0.1677253;3.6482403;0.22103;1.5651502;0.9918455;0.3429185;0.3969099;0.2708155;M;Control-Aprendizaje
0.2341402;0.374374;0.2694073;1.8852254;2.9192404;0.2464524;0.1903172;4.3731219;0.2134808;1.1692404;0.3551753;0.3528798;0.278798;0.3050918;M;Control-No_aprendizaje
0.5177657;0.7184699;0.306178;2.2330346;3.6955826;0.2194302;0.1739757;2.4409411;0.2027849;1.2690461;0.5590589;0.3175416;0.3173816;0.2636044;F;Trisomic-Aprendizaje
0.4316547;0.6995858;0.3876172;2.8557881;5.5320471;0.2610639;0.1934816;6.3154567;0.2692392;1.4374319;0.4640288;0.3632003;0.3742097;0.3218879;F;Trisomic-No_aprendizaje
0.5770699;0.9804289;0.4648484;2.9957665;4.3803873;0.2015407;0.1862031;1.9739052;0.2497744;1.6640988;0.8068568;0.3555417;0.375321;0.2764245;F;Trisomic-Aprendizaje
0.4274747;0.6090909;0.2848485;2.0090909;2.5989899;0.2466667;0.200202;3.5818182;0.2345455;1.3159596;0.5818182;0.3608081;0.3771717;0.3183838;F;Trisomic-Aprendizaje
0.3319766;0.4991096;0.3218011;2.3612312;3.4199949;0.2747393;0.2302213;2.7697787;0.2500636;1.3810735;0.4421267;0.3436785;0.2950903;0.3261257;F;Control-No_aprendizaje
0.2878372;0.4469593;0.3120713;2.3689986;3.5761317;0.2434842;0.1870142;3.6618656;0.2007316;1.2434842;0.3372199;0.3232739;0.31893;0.2853224;F;Control-No_aprendizaje
0.3726198;0.6216349;0.2923506;2.4706172;4.0602429;0.2718319;0.1945174;5.0390676;0.2301379;1.3120486;0.4597833;0.3542351;0.2792186;0.3067958;M;Trisomic-No_aprendizaje
0.2973499;0.4753706;0.2681539;2.0950741;3.3070819;0.2039227;0.1488247;3.2858212;0.1676898;1.0814493;0.3910765;0.267555;0.3262464;0.2145531;M;Control-Aprendizaje
0.3629147;0.555485;0.3235434;2.2525798;4.8064772;0.2193999;0.1846325;3.859184;0.1803461;1.421178;0.5883474;0.341959;0.302429;0.2513097;M;Control-Aprendizaje
0.6125448;0.8482529;0.3422645;2.3597975;3.9962958;0.2152118;0.1797753;6.3521422;0.2064452;1.5484628;0.7225583;0.3126312;0.3800469;0.262872;M;Trisomic-Aprendizaje
2.2018314;2.6026621;0.4402908;3.037572;5.931653;0.1819126;0.1771925;2.105447;0.221939;4.9426036;0.6875295;0.3053904;0.3538186;0.2658359;F;Control-Aprendizaje
1.5390476;1.6353968;0.3544444;2.4628571;4.6766667;0.215873;0.1846032;2.7566667;0.1953968;3.5314286;2.4877778;0.2926984;0.3512698;0.2671429;F;Control-Aprendizaje
0.3478097;0.4697885;0.3444109;1.9169184;2.7246979;0.3111782;0.1971299;3.1827795;0.2749245;1.4867825;0.477719;0.3138218;0.2243202;0.3440332;F;Control-Aprendizaje
0.3061107;0.5479511;0.2609633;1.9755572;2.9081237;0.1886413;0.1534148;2.6854062;0.1939612;0.9450755;0.3204889;0.2625449;0.2632638;0.2185478;F;Trisomic-No_aprendizaje
0.7431116;0.9050932;0.2646813;2.0782076;3.0144726;0.1703312;0.1458391;2.1369329;0.1700529;1.6827164;0.9467019;0.1984414;0.2639855;0.2063735;M;Trisomic-Aprendizaje
0.2904737;0.5187402;0.3820927;2.4161895;4.2795419;0.3261322;0.2418011;3.5624675;0.2457054;1.61114;0.3115565;0.4031754;0.372202;0.3878188;M;Trisomic-No_aprendizaje
0.2704817;0.4472348;0.2818718;2.4859339;4.3415672;0.2562097;0.1804584;6.6512968;0.2155894;1.175518;0.3902841;0.3904213;0.3024564;0.2942226;M;Control-No_aprendizaje
0.3531945;0.5448672;0.3392678;2.3095477;4.2321608;0.2333094;0.1730079;2.8834171;0.182771;1.2198134;0.3997129;0.3226131;0.3731515;0.2667624;F;Control-Aprendizaje
0.3234672;0.4784355;0.3167019;2.5589852;3.7150106;0.2454545;0.2019027;5.2541226;0.2412262;1.3680761;0.4086681;0.3414376;0.3272727;0.2813953;M;Control-No_aprendizaje
0.3951555;0.5618618;0.2704821;1.9126098;3.2811684;0.2690572;0.1928283;2.4946569;0.1994776;1.3569223;0.5545001;0.3322251;0.2904298;0.2906673;F;Trisomic-Aprendizaje
0.5432255;0.7577679;0.2940182;2.0141619;3.1344325;0.2117945;0.1707884;1.8598605;0.2037624;1.5246248;0.7250053;0.2777425;0.2809131;0.2487846;M;Trisomic-Aprendizaje
0.1806283;0.2753054;0.2159686;1.5545375;2.138089;0.1854276;0.1444154;2.2316754;0.1509599;0.9245201;0.215096;0.2229494;0.2198953;0.2168412;F;Control-No_aprendizaje
0.6327057;0.6775858;0.296879;1.6966727;2.5731235;0.1939644;0.1761671;1.917204;0.1795202;1.5671911;0.8877998;0.2623162;0.2305907;0.2496776;M;Trisomic-Aprendizaje
0.5211268;0.5830454;0.3042785;2.0534148;3.3813447;0.2516609;0.1894765;1.8009567;0.1780494;1.5176721;0.7339888;0.3175658;0.3276641;0.29232;M;Control-Aprendizaje
0.5293931;0.77415;0.3836988;2.7368128;5.0124722;0.2175882;0.1761996;3.2147283;0.2423737;1.4455831;0.6610264;0.3081506;0.4273912;0.2882904;F;Control-Aprendizaje
0.3858774;0.6125476;0.3908649;2.8589054;5.3723586;0.2505578;0.1942512;7.0215251;0.2374327;1.4931093;0.3745898;0.3495209;0.3962462;0.3289146;F;Trisomic-No_aprendizaje
0.2669919;0.384065;0.3196748;2.0949594;2.8744715;0.2520325;0.1931707;2.784065;0.1886179;1.284878;0.3443902;0.295935;0.2926829;0.2871545;F;Control-No_aprendizaje
0.5606144;0.763028;0.4029622;2.9335162;6.3172792;0.1923204;0.1676358;1.8924849;0.1983544;1.7304443;0.8324739;0.3332968;0.3243006;0.2450905;M;Control-Aprendizaje
0.5280702;0.6541667;0.3129386;2.1298246;3.5010965;0.2635965;0.1975877;4.6539474;0.2114035;1.4870614;0.7462719;0.3252193;0.3210526;0.3037281;M;Control-Aprendizaje
0.2365232;0.3715002;0.3470539;2.1796908;3.9149603;0.2551191;0.1884664;4.7569996;0.1890932;1.0810698;0.3083995;0.3209361;0.3777685;0.2854158;F;Control-No_aprendizaje
0.3064259;0.4020181;0.3143919;2.2365905;3.2804036;0.2543813;0.1938396;3.2121614;0.1895911;1.3045672;0.3181094;0.3016463;0.3019118;0.2817313;F;Control-No_aprendizaje
0.5103858;0.6782888;0.3203511;2.4088773;5.2219337;0.1772997;0.1458952;2.3031652;0.1701286;1.7113007;0.7647132;0.2753462;0.273368;0.2108061;F;Control-Aprendizaje
0.4705321;0.8193749;0.3415653;2.437843;3.8682892;0.2094965;0.1651157;2.3156765;0.2055595;1.3864233;0.5857791;0.3333333;0.3315438;0.2572178;F;Trisomic-Aprendizaje
0.3994145;0.496445;0.3688833;2.1166876;2.8017566;0.3140945;0.2300293;3.5257215;0.2910916;1.6432455;0.5637808;0.3513174;0.3015475;0.3567545;F;Control-Aprendizaje
0.6877789;0.9421333;0.3116453;2.2870304;3.6068807;0.2236937;0.1707212;5.4160069;0.21189;1.6458903;0.9042752;0.3012811;0.3936951;0.2416871;M;Trisomic-Aprendizaje
0.3815201;0.5803941;0.3237291;2.4051995;4.5669813;0.2164266;0.1725451;2.1515152;0.2031793;1.3777115;0.6511012;0.3222388;0.284153;0.2361318;M;Control-Aprendizaje
0.2906714;0.4725924;0.2993462;2.2476741;3.9107367;0.148353;0.1208197;3.2525773;0.1590395;0.9179029;0.4204174;0.2246668;0.3261252;0.172869;F;Control-Aprendizaje
0.2452222;0.4608117;0.4172214;2.5522869;4.2690573;0.2647627;0.1969079;3.2920335;0.2349152;1.2379214;0.3268198;0.341851;0.2909598;0.3102856;F;Control-No_aprendizaje
